Transaction ID,Date,Product Name,Category,Quantity Sold,Unit Price,Total Sales,Customer ID,Region
TXN-6734,19/10/2024,Science Fiction,Books,8,301.34,2410.72,CUST-5426,North
TXN-9322,21/06/2024,Blender,Home & Kitchen,4,75.72,302.88,CUST-1769,West
TXN-7420,12/01/2024,Biography,Books,2,95,190,CUST-4385,South
TXN-3558,28/10/2024,Shampoo,Beauty & Personal Care,1,264.76,264.76,CUST-3747,West
TXN-4556,07/03/2024,Microwave,Home & Kitchen,4,298.25,1193,CUST-6393,West
TXN-8513,02/05/2024,Non-fiction,Books,2,195.78,391.56,CUST-7235,North
TXN-4152,18/04/2024,Non-fiction,Books,8,22.02,176.16,CUST-4943,East
TXN-4843,18/06/2024,Biography,Books,6,107.93,647.58,CUST-7873,South
TXN-8629,28/07/2024,Biography,Books,4,300.96,1203.84,CUST-2016,South
TXN-5887,25/10/2024,Shampoo,Beauty & Personal Care,2,272.15,544.3,CUST-5859,West
TXN-1064,07/09/2024,Novel,Books,9,151.66,1364.94,CUST-3568,West
TXN-6618,08/01/2024,Camera,Electronics,8,11.97,95.76,CUST-6892,West
TXN-9392,12/08/2024,Jeans,Clothing,9,457.91,4121.19,CUST-4104,East
TXN-6056,05/03/2024,Face Cream,Beauty & Personal Care,8,140.99,1127.92,CUST-9110,East
TXN-7938,15/09/2024,Blender,Home & Kitchen,7,386.63,2706.41,CUST-6134,North
TXN-3790,20/01/2024,Dress,Clothing,3,20.56,61.68,CUST-6116,South
TXN-2678,04/11/2024,Novel,Books,7,304.19,2129.33,CUST-7668,South
TXN-3693,28/12/2024,Toaster,Home & Kitchen,2,314.06,628.12,CUST-4627,East
TXN-8392,25/01/2024,Biography,Books,7,448.57,3139.99,CUST-2306,South
TXN-9901,27/08/2024,Laptop,Electronics,9,155.87,1402.83,CUST-5413,West
TXN-2495,20/09/2024,Body Lotion,Beauty & Personal Care,8,471.74,3773.92,CUST-6232,North
TXN-8280,17/05/2024,Camera,Electronics,7,251.14,1757.98,CUST-1698,South
TXN-6855,01/01/2024,Smartphone,Electronics,6,21.36,128.16,CUST-6249,South
TXN-5931,11/07/2024,Conditioner,Beauty & Personal Care,6,124.82,748.92,CUST-5218,West
TXN-8777,22/06/2024,Smartphone,Electronics,8,237.8,1902.4,CUST-2930,East
TXN-1659,27/12/2024,Camera,Electronics,6,349.43,2096.58,CUST-7546,North
TXN-2734,09/04/2024,Jacket,Clothing,3,177.59,532.77,CUST-3976,East
TXN-6534,03/10/2024,T-shirt,Clothing,9,61.17,550.53,CUST-1262,West
TXN-3049,16/01/2024,Biography,Books,9,260.73,2346.57,CUST-5548,West
TXN-4170,16/03/2024,Body Lotion,Beauty & Personal Care,7,172.82,1209.74,CUST-3255,West
TXN-2648,04/08/2024,Cookware Set,Home & Kitchen,6,391.04,2346.24,CUST-5199,West
TXN-3961,02/02/2024,Science Fiction,Books,9,333.43,3000.87,CUST-3869,South
TXN-6699,14/01/2024,Blender,Home & Kitchen,9,92.08,828.72,CUST-5911,West
TXN-5496,16/01/2024,Non-fiction,Books,8,425.37,3402.96,CUST-5555,West
TXN-2693,06/06/2024,Toaster,Home & Kitchen,7,128.98,902.86,CUST-4436,East
TXN-8022,05/01/2024,Cookware Set,Home & Kitchen,2,178.29,356.58,CUST-8996,South
TXN-8339,14/12/2024,Microwave,Home & Kitchen,1,26.58,26.58,CUST-4444,West
TXN-1301,03/05/2024,Blender,Home & Kitchen,5,464.52,2322.6,CUST-1699,West
TXN-2184,18/03/2024,Headphones,Electronics,5,99.5,497.5,CUST-2816,West
TXN-4863,15/02/2024,Jeans,Clothing,3,287.18,861.54,CUST-2686,East
TXN-9096,11/09/2024,Jacket,Clothing,2,164.66,329.32,CUST-8343,East
TXN-9716,26/12/2024,Body Lotion,Beauty & Personal Care,3,131.82,395.46,CUST-3950,South
TXN-7655,19/12/2024,Laptop,Electronics,4,326.73,1306.92,CUST-7614,West
TXN-5146,26/09/2024,Biography,Books,7,337.65,2363.55,CUST-1574,South
TXN-5777,15/06/2024,Conditioner,Beauty & Personal Care,6,128.87,773.22,CUST-3491,South
TXN-1004,04/07/2024,Face Cream,Beauty & Personal Care,5,139.41,697.05,CUST-5869,North
TXN-8987,28/02/2024,Face Cream,Beauty & Personal Care,3,320.53,961.59,CUST-2693,West
TXN-9932,21/10/2024,Cookware Set,Home & Kitchen,3,222.29,666.87,CUST-6949,North
TXN-1512,22/02/2024,Laptop,Electronics,1,90.78,90.78,CUST-1559,West
TXN-5070,22/05/2024,Laptop,Electronics,5,320.94,1604.7,CUST-8004,West
TXN-3744,05/12/2024,Toaster,Home & Kitchen,3,380.13,1140.39,CUST-3141,West
TXN-8421,23/05/2024,Non-fiction,Books,5,239.37,1196.85,CUST-6881,North
TXN-8390,26/10/2024,T-shirt,Clothing,4,27.43,109.72,CUST-3489,South
TXN-9527,02/07/2024,Laptop,Electronics,4,309.85,1239.4,CUST-7303,West
TXN-5000,11/03/2024,Cookware Set,Home & Kitchen,2,288.82,577.64,CUST-6732,West
TXN-2066,13/12/2024,Novel,Books,1,327.48,327.48,CUST-5107,East
TXN-9967,10/10/2024,Jacket,Clothing,2,343.09,686.18,CUST-1417,North
TXN-6745,24/11/2024,Microwave,Home & Kitchen,4,347.98,1391.92,CUST-8587,North
TXN-6988,24/09/2024,Laptop,Electronics,9,276.25,2486.25,CUST-3786,North
TXN-3143,23/08/2024,Camera,Electronics,4,189.15,756.6,CUST-8357,East
TXN-3914,17/09/2024,Shampoo,Beauty & Personal Care,7,376.68,2636.76,CUST-9787,West
TXN-1395,19/09/2024,Laptop,Electronics,3,197.65,592.95,CUST-5171,South
TXN-6486,05/05/2024,Camera,Electronics,4,288.85,1155.4,CUST-8266,East
TXN-2167,07/09/2024,Non-fiction,Books,5,377.43,1887.15,CUST-3156,North
TXN-5729,03/05/2024,Conditioner,Beauty & Personal Care,7,497.99,3485.93,CUST-6334,South
TXN-8241,12/10/2024,Body Lotion,Beauty & Personal Care,2,484.48,968.96,CUST-8056,East
TXN-7938,02/10/2024,Body Lotion,Beauty & Personal Care,8,41.02,328.16,CUST-2540,South
TXN-2365,17/04/2024,Conditioner,Beauty & Personal Care,3,292.75,878.25,CUST-9702,North
TXN-4486,12/03/2024,Camera,Electronics,4,191.25,765,CUST-6301,North
TXN-5268,28/02/2024,Toaster,Home & Kitchen,3,60.04,180.12,CUST-4709,South
TXN-4072,13/03/2024,Dress,Clothing,8,63.18,505.44,CUST-1504,West
TXN-1133,12/10/2024,Novel,Books,8,266.54,2132.32,CUST-7316,North
TXN-6348,03/04/2024,Shampoo,Beauty & Personal Care,6,462.7,2776.2,CUST-7190,East
TXN-9053,16/03/2024,Smartphone,Electronics,1,315.64,315.64,CUST-9662,North
TXN-8575,21/12/2024,Camera,Electronics,8,200.29,1602.32,CUST-7819,East
TXN-5964,04/09/2024,Jeans,Clothing,2,136.64,273.28,CUST-4775,West
TXN-7132,13/04/2024,Microwave,Home & Kitchen,1,143.48,143.48,CUST-3779,South
TXN-6713,05/03/2024,Conditioner,Beauty & Personal Care,3,412.16,1236.48,CUST-2838,North
TXN-8418,23/05/2024,Smartphone,Electronics,8,438.95,3511.6,CUST-2015,South
TXN-8449,22/09/2024,Laptop,Electronics,2,493.7,987.4,CUST-7970,South
TXN-8266,21/01/2024,Blender,Home & Kitchen,1,237,237,CUST-9175,North
TXN-2460,05/07/2024,Novel,Books,5,498.34,2491.7,CUST-4636,North
TXN-8245,14/09/2024,Conditioner,Beauty & Personal Care,3,127.44,382.32,CUST-3048,South
TXN-5976,02/08/2024,Blender,Home & Kitchen,4,118.18,472.72,CUST-4419,North
TXN-5363,22/01/2024,Jeans,Clothing,6,387.3,2323.8,CUST-9427,South
TXN-3814,15/07/2024,Conditioner,Beauty & Personal Care,9,297.03,2673.27,CUST-2252,South
TXN-7881,18/06/2024,Conditioner,Beauty & Personal Care,3,452.06,1356.18,CUST-7241,South
TXN-2331,06/09/2024,Jacket,Clothing,3,452.56,1357.68,CUST-8648,South
TXN-5892,10/04/2024,Science Fiction,Books,3,350.33,1050.99,CUST-7327,South
TXN-8941,02/05/2024,Laptop,Electronics,4,232.27,929.08,CUST-5300,South
TXN-8830,16/07/2024,Cookware Set,Home & Kitchen,3,270.95,812.85,CUST-7238,East
TXN-9472,03/03/2024,Cookware Set,Home & Kitchen,8,94.13,753.04,CUST-1666,South
TXN-6124,28/02/2024,Conditioner,Beauty & Personal Care,3,25.23,75.69,CUST-5777,West
TXN-7376,26/12/2024,Shampoo,Beauty & Personal Care,6,64.71,388.26,CUST-3593,South
TXN-7190,22/09/2024,Smartphone,Electronics,9,50.68,456.12,CUST-7493,South
TXN-2276,15/04/2024,Cookware Set,Home & Kitchen,1,142.05,142.05,CUST-1302,East
TXN-7809,24/11/2024,Jacket,Clothing,8,361.66,2893.28,CUST-6126,West
TXN-7882,15/03/2024,Microwave,Home & Kitchen,2,226.47,452.94,CUST-9152,East
TXN-7229,12/10/2024,Conditioner,Beauty & Personal Care,7,164.43,1151.01,CUST-5632,West
TXN-9258,13/09/2024,Camera,Electronics,9,341.16,3070.44,CUST-7371,North
TXN-7738,09/10/2024,Dress,Clothing,8,218.67,1749.36,CUST-3739,East
TXN-4812,01/09/2024,Jeans,Clothing,8,251.63,2013.04,CUST-2460,West
TXN-7986,23/08/2024,Conditioner,Beauty & Personal Care,7,246.47,1725.29,CUST-9434,South
TXN-9195,22/06/2024,Face Cream,Beauty & Personal Care,6,201.94,1211.64,CUST-3551,West
TXN-7316,05/12/2024,Blender,Home & Kitchen,2,280.6,561.2,CUST-7469,South
TXN-5208,15/12/2024,Dress,Clothing,3,103.76,311.28,CUST-3048,South
TXN-5234,13/04/2024,Dress,Clothing,6,292.71,1756.26,CUST-3026,South
TXN-1260,10/07/2024,Toaster,Home & Kitchen,2,229.86,459.72,CUST-3219,North
TXN-2342,09/05/2024,Dress,Clothing,2,48.49,96.98,CUST-3832,North
TXN-4490,05/01/2024,Headphones,Electronics,8,305.02,2440.16,CUST-1235,East
TXN-3635,03/03/2024,T-shirt,Clothing,8,495.51,3964.08,CUST-3560,South
TXN-7413,03/12/2024,Novel,Books,8,414.83,3318.64,CUST-5820,West
TXN-2065,18/09/2024,Body Lotion,Beauty & Personal Care,4,161.52,646.08,CUST-7943,North
TXN-3190,25/01/2024,Toaster,Home & Kitchen,1,375.07,375.07,CUST-3192,North
TXN-4687,19/08/2024,Headphones,Electronics,2,274.06,548.12,CUST-2970,East
TXN-8667,20/01/2024,Microwave,Home & Kitchen,8,348.39,2787.12,CUST-9669,East
TXN-1950,04/01/2024,Blender,Home & Kitchen,6,377.44,2264.64,CUST-3645,West
TXN-7028,13/04/2024,T-shirt,Clothing,1,55.94,55.94,CUST-7359,South
TXN-3371,13/12/2024,Science Fiction,Books,8,79.21,633.68,CUST-5225,West
TXN-1793,27/11/2024,Microwave,Home & Kitchen,3,284.93,854.79,CUST-3116,East
TXN-7166,14/10/2024,Biography,Books,8,293.78,2350.24,CUST-9554,East
TXN-1984,15/01/2024,Novel,Books,8,255.41,2043.28,CUST-1827,South
TXN-4876,10/08/2024,Cookware Set,Home & Kitchen,4,459.78,1839.12,CUST-9795,West
TXN-4368,11/06/2024,Jeans,Clothing,3,369.54,1108.62,CUST-2792,North
TXN-3872,22/01/2024,Conditioner,Beauty & Personal Care,4,66.71,266.84,CUST-5662,North
TXN-9393,25/04/2024,Microwave,Home & Kitchen,5,192.76,963.8,CUST-5212,West
TXN-8973,07/02/2024,Jacket,Clothing,4,271.01,1084.04,CUST-9666,North
TXN-2990,06/04/2024,T-shirt,Clothing,3,127.87,383.61,CUST-4572,East
TXN-6588,07/01/2024,Laptop,Electronics,6,113.95,683.7,CUST-5944,North
TXN-6182,17/08/2024,Novel,Books,4,210.24,840.96,CUST-5422,North
TXN-1951,17/03/2024,Laptop,Electronics,7,216.26,1513.82,CUST-5524,West
TXN-1768,15/03/2024,Face Cream,Beauty & Personal Care,8,295.79,2366.32,CUST-7645,South
TXN-7016,23/08/2024,Biography,Books,6,383.85,2303.1,CUST-9038,North
TXN-4451,23/01/2024,Toaster,Home & Kitchen,3,323.78,971.34,CUST-1054,West
TXN-1832,23/09/2024,Biography,Books,7,331.17,2318.19,CUST-6954,West
TXN-4310,03/05/2024,Blender,Home & Kitchen,8,56.53,452.24,CUST-8218,East
TXN-3143,14/08/2024,Headphones,Electronics,8,54.22,433.76,CUST-3538,West
TXN-1822,07/02/2024,Novel,Books,6,106.47,638.82,CUST-5425,West
TXN-2308,18/12/2024,Laptop,Electronics,3,65.77,197.31,CUST-9705,East
TXN-2409,23/03/2024,Laptop,Electronics,4,171.25,685,CUST-5491,East
TXN-8083,20/03/2024,Novel,Books,6,388.05,2328.3,CUST-2387,North
TXN-5223,18/01/2024,Smartphone,Electronics,8,492.76,3942.08,CUST-4186,South
TXN-2304,09/07/2024,Laptop,Electronics,8,350.93,2807.44,CUST-6877,South
TXN-1074,18/06/2024,Cookware Set,Home & Kitchen,2,139.79,279.58,CUST-6475,South
TXN-8141,12/10/2024,Smartphone,Electronics,1,205.6,205.6,CUST-2622,South
TXN-1645,08/11/2024,Conditioner,Beauty & Personal Care,5,135.52,677.6,CUST-9801,South
TXN-3969,28/05/2024,Novel,Books,5,91.81,459.05,CUST-3681,North
TXN-6490,21/10/2024,Jeans,Clothing,1,45.99,45.99,CUST-4850,West
TXN-2333,23/02/2024,Cookware Set,Home & Kitchen,1,362.16,362.16,CUST-7766,West
TXN-2762,11/04/2024,Shampoo,Beauty & Personal Care,4,272.22,1088.88,CUST-8101,West
TXN-8617,09/05/2024,Microwave,Home & Kitchen,2,313.55,627.1,CUST-3343,North
TXN-8970,18/03/2024,Laptop,Electronics,8,220.24,1761.92,CUST-2252,North
TXN-3322,12/05/2024,Science Fiction,Books,6,297.16,1782.96,CUST-5090,West
TXN-8982,16/12/2024,Laptop,Electronics,9,225.77,2031.93,CUST-9407,North
TXN-6604,16/06/2024,Microwave,Home & Kitchen,5,380.72,1903.6,CUST-9901,West
TXN-9238,16/10/2024,Laptop,Electronics,9,472.31,4250.79,CUST-5806,South
TXN-1390,07/05/2024,Smartphone,Electronics,5,239.24,1196.2,CUST-5232,East
TXN-2500,20/02/2024,Cookware Set,Home & Kitchen,2,213.77,427.54,CUST-4042,West
TXN-4223,12/03/2024,Jeans,Clothing,7,23.32,163.24,CUST-8980,East
TXN-8126,07/12/2024,T-shirt,Clothing,8,223.31,1786.48,CUST-8694,East
TXN-9684,12/10/2024,Laptop,Electronics,6,162.78,976.68,CUST-9502,West
TXN-4810,07/11/2024,Toaster,Home & Kitchen,7,96.81,677.67,CUST-3032,South
TXN-2771,10/09/2024,Shampoo,Beauty & Personal Care,9,292.47,2632.23,CUST-8069,South
TXN-4760,13/03/2024,Headphones,Electronics,4,370.1,1480.4,CUST-2165,East
TXN-9896,14/05/2024,Jeans,Clothing,5,25.84,129.2,CUST-3632,West
TXN-2828,11/05/2024,Camera,Electronics,4,113.04,452.16,CUST-5805,North
TXN-6690,20/08/2024,Blender,Home & Kitchen,2,87.68,175.36,CUST-6429,South
TXN-1936,26/01/2024,Shampoo,Beauty & Personal Care,2,195.12,390.24,CUST-7402,East
TXN-2913,27/01/2024,Conditioner,Beauty & Personal Care,7,442.47,3097.29,CUST-8657,North
TXN-8906,13/06/2024,Toaster,Home & Kitchen,1,81.18,81.18,CUST-8287,South
TXN-2380,11/02/2024,Shampoo,Beauty & Personal Care,9,447.99,4031.91,CUST-2640,East
TXN-7881,10/12/2024,Cookware Set,Home & Kitchen,9,26.97,242.73,CUST-1954,East
TXN-4972,18/10/2024,Dress,Clothing,6,133.58,801.48,CUST-9228,West
TXN-6233,13/08/2024,Novel,Books,5,495.78,2478.9,CUST-1317,West
TXN-7183,13/11/2024,Conditioner,Beauty & Personal Care,3,177.17,531.51,CUST-2312,East
TXN-2704,13/11/2024,Cookware Set,Home & Kitchen,1,82.88,82.88,CUST-5286,West
TXN-1556,25/10/2024,Cookware Set,Home & Kitchen,7,441.41,3089.87,CUST-6150,South
TXN-4998,04/02/2024,Dress,Clothing,5,373.04,1865.2,CUST-9780,South
TXN-2136,17/09/2024,Body Lotion,Beauty & Personal Care,2,147.08,294.16,CUST-8009,West
TXN-6352,28/02/2024,Non-fiction,Books,3,68.58,205.74,CUST-1571,West
TXN-2265,27/04/2024,Conditioner,Beauty & Personal Care,4,91.01,364.04,CUST-2040,North
TXN-5569,27/08/2024,Novel,Books,6,176.21,1057.26,CUST-7353,South
TXN-6043,07/12/2024,Dress,Clothing,4,325.55,1302.2,CUST-9220,South
TXN-4356,17/04/2024,Toaster,Home & Kitchen,3,129.99,389.97,CUST-8266,North
TXN-2098,02/04/2024,Body Lotion,Beauty & Personal Care,7,413.83,2896.81,CUST-4155,North
TXN-1988,15/05/2024,Microwave,Home & Kitchen,1,481.8,481.8,CUST-5179,East
TXN-1933,03/02/2024,Blender,Home & Kitchen,3,159.42,478.26,CUST-4056,North
TXN-3255,08/11/2024,Camera,Electronics,2,432.86,865.72,CUST-6179,West
TXN-2050,20/02/2024,Laptop,Electronics,5,81.06,405.3,CUST-7342,North
TXN-5473,20/03/2024,Cookware Set,Home & Kitchen,5,456.36,2281.8,CUST-8725,North
TXN-2875,09/04/2024,Smartphone,Electronics,7,66.97,468.79,CUST-6797,South
TXN-1116,24/02/2024,Headphones,Electronics,6,293.08,1758.48,CUST-1583,West
TXN-9465,14/02/2024,Blender,Home & Kitchen,1,10.75,10.75,CUST-9357,West
TXN-4496,11/08/2024,Blender,Home & Kitchen,1,476.56,476.56,CUST-1213,North
TXN-4117,22/06/2024,Blender,Home & Kitchen,1,55.88,55.88,CUST-3720,West
TXN-1001,01/01/2024,Dress,Clothing,2,166.6,333.2,CUST-2949,West
TXN-8014,14/10/2024,Camera,Electronics,6,164.44,986.64,CUST-4041,North
TXN-9508,27/03/2024,Dress,Clothing,1,476.02,476.02,CUST-2925,East
TXN-1552,12/02/2024,Laptop,Electronics,7,308.41,2158.87,CUST-6383,South
TXN-9442,11/07/2024,Jeans,Clothing,4,173.03,692.12,CUST-1207,West
TXN-1514,28/09/2024,Biography,Books,6,228.9,1373.4,CUST-5109,South
TXN-2560,26/03/2024,Toaster,Home & Kitchen,7,326.9,2288.3,CUST-4638,South
TXN-1306,18/12/2024,Non-fiction,Books,7,219.66,1537.62,CUST-8057,North
TXN-9946,22/03/2024,Blender,Home & Kitchen,8,487.52,3900.16,CUST-7078,South
TXN-1158,24/10/2024,Camera,Electronics,1,434.79,434.79,CUST-9595,East
TXN-2712,09/03/2024,Face Cream,Beauty & Personal Care,4,254.9,1019.6,CUST-7563,West
TXN-2394,22/10/2024,Jeans,Clothing,4,437.34,1749.36,CUST-5732,North
TXN-3958,03/01/2024,Novel,Books,2,317.62,635.24,CUST-4591,East
TXN-1525,23/02/2024,Biography,Books,7,318.11,2226.77,CUST-5648,West
TXN-4155,07/02/2024,Science Fiction,Books,8,291.81,2334.48,CUST-4216,North
TXN-5356,08/01/2024,Blender,Home & Kitchen,2,429.7,859.4,CUST-5555,North
TXN-6724,12/10/2024,Science Fiction,Books,3,223.8,671.4,CUST-4432,North
TXN-7656,22/09/2024,Camera,Electronics,8,310.49,2483.92,CUST-7099,North
TXN-4568,12/08/2024,Science Fiction,Books,5,181.58,907.9,CUST-3203,North
TXN-1968,20/05/2024,Novel,Books,4,138.53,554.12,CUST-1281,East
TXN-6178,01/05/2024,Body Lotion,Beauty & Personal Care,3,228.84,686.52,CUST-2229,North
TXN-6370,02/11/2024,Non-fiction,Books,5,242.55,1212.75,CUST-8473,South
TXN-4249,12/07/2024,Body Lotion,Beauty & Personal Care,8,260.22,2081.76,CUST-7294,North
TXN-5470,18/08/2024,Face Cream,Beauty & Personal Care,2,104.92,209.84,CUST-9320,West
TXN-2198,01/02/2024,Conditioner,Beauty & Personal Care,5,481.86,2409.3,CUST-6238,West
TXN-8705,15/08/2024,Jeans,Clothing,2,125.85,251.7,CUST-1986,East
TXN-4124,09/05/2024,Camera,Electronics,1,302.3,302.3,CUST-9125,South
TXN-8848,16/09/2024,Biography,Books,6,162.47,974.82,CUST-7924,South
TXN-4173,06/04/2024,Laptop,Electronics,9,59.01,531.09,CUST-5114,North
TXN-2388,01/11/2024,T-shirt,Clothing,9,162.01,1458.09,CUST-2367,South
TXN-5806,19/05/2024,Headphones,Electronics,1,186.4,186.4,CUST-3875,North
TXN-7059,26/06/2024,Shampoo,Beauty & Personal Care,1,275.12,275.12,CUST-8010,North
TXN-7471,06/02/2024,Jeans,Clothing,9,192.99,1736.91,CUST-2177,South
TXN-9234,06/07/2024,Laptop,Electronics,2,265.68,531.36,CUST-7570,West
TXN-6243,04/09/2024,Body Lotion,Beauty & Personal Care,7,448.87,3142.09,CUST-9906,North
TXN-5882,14/02/2024,Cookware Set,Home & Kitchen,5,242.2,1211,CUST-7012,East
TXN-7894,03/12/2024,Novel,Books,4,336.7,1346.8,CUST-8311,West
TXN-7787,25/10/2024,Jeans,Clothing,2,202.95,405.9,CUST-5445,West
TXN-4654,17/08/2024,Microwave,Home & Kitchen,7,264.96,1854.72,CUST-9105,East
TXN-2798,01/06/2024,Face Cream,Beauty & Personal Care,4,215.14,860.56,CUST-6291,South
TXN-2300,28/06/2024,Body Lotion,Beauty & Personal Care,7,320.8,2245.6,CUST-4097,South
TXN-7295,26/01/2024,Smartphone,Electronics,8,208.46,1667.68,CUST-2316,East
TXN-4273,18/09/2024,Non-fiction,Books,3,426.33,1278.99,CUST-6010,South
TXN-1482,02/12/2024,Novel,Books,7,295.37,2067.59,CUST-1630,South
TXN-1987,11/07/2024,Conditioner,Beauty & Personal Care,5,322.78,1613.9,CUST-9841,North
TXN-1769,07/03/2024,Laptop,Electronics,9,250.9,2258.1,CUST-7780,South
TXN-3349,04/03/2024,Headphones,Electronics,7,173.84,1216.88,CUST-2241,North
TXN-8843,09/03/2024,Jacket,Clothing,4,47.4,189.6,CUST-6472,West
TXN-7704,02/12/2024,Blender,Home & Kitchen,7,39.36,275.52,CUST-6051,South
TXN-2735,03/02/2024,Body Lotion,Beauty & Personal Care,5,139.22,696.1,CUST-8979,West
TXN-6291,06/02/2024,Body Lotion,Beauty & Personal Care,6,336.4,2018.4,CUST-4874,South
TXN-4374,23/09/2024,Jeans,Clothing,4,34.77,139.08,CUST-1207,East
TXN-4083,16/01/2024,Jeans,Clothing,9,411.79,3706.11,CUST-4719,South
TXN-7099,24/08/2024,Non-fiction,Books,7,202.66,1418.62,CUST-9555,East
TXN-7549,08/02/2024,Smartphone,Electronics,5,51,255,CUST-5895,North
TXN-4725,01/04/2024,Camera,Electronics,6,83.86,503.16,CUST-6782,North
TXN-3496,03/11/2024,Jeans,Clothing,9,48.38,435.42,CUST-6299,North
TXN-9597,15/11/2024,Jeans,Clothing,7,85.07,595.49,CUST-5437,West
TXN-9785,24/03/2024,Non-fiction,Books,1,62.6,62.6,CUST-8629,North
TXN-8842,27/02/2024,Microwave,Home & Kitchen,4,410.27,1641.08,CUST-5225,West
TXN-6656,25/02/2024,Toaster,Home & Kitchen,4,288.66,1154.64,CUST-5259,South
TXN-3530,06/09/2024,Camera,Electronics,6,415.52,2493.12,CUST-2048,South
TXN-1963,15/09/2024,Conditioner,Beauty & Personal Care,8,241.73,1933.84,CUST-8340,North
TXN-6947,11/06/2024,Non-fiction,Books,4,222.56,890.24,CUST-5349,West
TXN-7488,11/02/2024,Jacket,Clothing,3,196.3,588.9,CUST-1689,West
TXN-6448,14/12/2024,Face Cream,Beauty & Personal Care,9,218.02,1962.18,CUST-7406,East
TXN-7928,07/05/2024,Non-fiction,Books,4,498.36,1993.44,CUST-2403,North
TXN-4302,05/02/2024,Non-fiction,Books,4,265.89,1063.56,CUST-8870,North
TXN-7140,05/06/2024,Body Lotion,Beauty & Personal Care,6,414.63,2487.78,CUST-5481,East
TXN-7793,26/07/2024,Toaster,Home & Kitchen,6,133.61,801.66,CUST-7007,North
TXN-8380,18/05/2024,Shampoo,Beauty & Personal Care,5,417.98,2089.9,CUST-5268,North
TXN-5798,20/05/2024,Science Fiction,Books,1,276.24,276.24,CUST-6887,North
TXN-5719,18/12/2024,Conditioner,Beauty & Personal Care,4,433.01,1732.04,CUST-5839,South
TXN-7164,13/10/2024,Blender,Home & Kitchen,4,430.48,1721.92,CUST-3672,North
TXN-7272,28/02/2024,Laptop,Electronics,8,161.13,1289.04,CUST-4631,West
TXN-9123,21/08/2024,Conditioner,Beauty & Personal Care,2,24.02,48.04,CUST-8451,North
TXN-3247,15/01/2024,Toaster,Home & Kitchen,8,448.08,3584.64,CUST-9080,East
TXN-8083,23/01/2024,Non-fiction,Books,3,57.32,171.96,CUST-5940,East
TXN-9599,24/03/2024,Headphones,Electronics,1,40.68,40.68,CUST-2668,East
TXN-6330,19/07/2024,Non-fiction,Books,4,178.1,712.4,CUST-9754,North
TXN-6439,06/10/2024,Blender,Home & Kitchen,5,331.85,1659.25,CUST-7511,South
TXN-3376,15/02/2024,Science Fiction,Books,8,385.77,3086.16,CUST-2827,North
TXN-5285,10/02/2024,Novel,Books,9,480.11,4320.99,CUST-3196,South
TXN-1780,16/05/2024,Science Fiction,Books,8,61.41,491.28,CUST-9714,West
TXN-6784,27/08/2024,T-shirt,Clothing,8,301.27,2410.16,CUST-5941,East
TXN-3461,21/04/2024,Novel,Books,2,471.82,943.64,CUST-1685,South
TXN-6341,07/07/2024,Laptop,Electronics,3,337.37,1012.11,CUST-5875,West
TXN-1301,14/08/2024,Smartphone,Electronics,5,378.75,1893.75,CUST-1646,East
TXN-8003,02/02/2024,Science Fiction,Books,6,377.83,2266.98,CUST-5558,West
TXN-9652,11/06/2024,Biography,Books,3,79.58,238.74,CUST-2724,East
TXN-3460,12/07/2024,Headphones,Electronics,6,284.69,1708.14,CUST-8295,West
TXN-1514,04/01/2024,Face Cream,Beauty & Personal Care,8,127.11,1016.88,CUST-6343,East
TXN-4967,27/07/2024,Jacket,Clothing,9,279.77,2517.93,CUST-3159,South
TXN-3649,22/10/2024,Face Cream,Beauty & Personal Care,4,7.59,30.36,CUST-4083,North
TXN-8544,11/04/2024,Smartphone,Electronics,9,479.25,4313.25,CUST-4983,South
TXN-2124,04/10/2024,Microwave,Home & Kitchen,6,438.94,2633.64,CUST-6251,East
TXN-2828,21/06/2024,Non-fiction,Books,6,298.56,1791.36,CUST-3023,South
TXN-6036,17/04/2024,Conditioner,Beauty & Personal Care,4,94.75,379,CUST-3563,South
TXN-7841,20/07/2024,Body Lotion,Beauty & Personal Care,8,56.55,452.4,CUST-4959,South
TXN-4390,22/03/2024,Jeans,Clothing,3,138.56,415.68,CUST-1663,South
TXN-1867,16/03/2024,Conditioner,Beauty & Personal Care,6,108.87,653.22,CUST-6469,West
TXN-2136,28/11/2024,Laptop,Electronics,2,188.85,377.7,CUST-2019,East
TXN-3010,15/06/2024,Shampoo,Beauty & Personal Care,6,319.91,1919.46,CUST-3125,North
TXN-6624,10/04/2024,Science Fiction,Books,9,475.4,4278.6,CUST-3097,East
TXN-3757,27/01/2024,Microwave,Home & Kitchen,1,294.98,294.98,CUST-2900,North
TXN-8999,20/05/2024,Microwave,Home & Kitchen,3,217.68,653.04,CUST-3096,North
TXN-4331,07/07/2024,Face Cream,Beauty & Personal Care,5,354.48,1772.4,CUST-6105,South
TXN-1685,12/12/2024,Cookware Set,Home & Kitchen,9,8.48,76.32,CUST-5283,North
TXN-7868,12/08/2024,Camera,Electronics,8,238.67,1909.36,CUST-5713,East
TXN-1631,16/10/2024,Science Fiction,Books,7,453.6,3175.2,CUST-3014,East
TXN-6347,11/08/2024,T-shirt,Clothing,6,37.36,224.16,CUST-3643,North
TXN-1689,27/01/2024,Jacket,Clothing,9,176.23,1586.07,CUST-1671,South
TXN-3539,14/08/2024,Cookware Set,Home & Kitchen,7,199.76,1398.32,CUST-6432,West
TXN-4670,05/10/2024,Shampoo,Beauty & Personal Care,2,76.76,153.52,CUST-2938,South
TXN-7304,21/02/2024,Blender,Home & Kitchen,9,95.59,860.31,CUST-8875,North
TXN-1572,28/02/2024,Jacket,Clothing,6,282.81,1696.86,CUST-8097,North
TXN-2633,14/06/2024,Microwave,Home & Kitchen,6,276.68,1660.08,CUST-4648,North
TXN-4137,02/10/2024,T-shirt,Clothing,2,333.77,667.54,CUST-4750,North
TXN-5666,03/10/2024,Science Fiction,Books,8,60.41,483.28,CUST-2727,West
TXN-6774,08/08/2024,Blender,Home & Kitchen,7,436.71,3056.97,CUST-2749,East
TXN-4867,17/10/2024,Biography,Books,9,282.29,2540.61,CUST-3113,West
TXN-8264,20/10/2024,Smartphone,Electronics,3,455.06,1365.18,CUST-3274,West
TXN-7852,11/03/2024,Novel,Books,2,51.24,102.48,CUST-3551,East
TXN-6416,05/04/2024,Non-fiction,Books,8,181.55,1452.4,CUST-8239,South
TXN-7971,06/04/2024,Headphones,Electronics,8,262.49,2099.92,CUST-3822,East
TXN-7629,28/01/2024,Microwave,Home & Kitchen,2,88.58,177.16,CUST-4200,North
TXN-7509,19/06/2024,Face Cream,Beauty & Personal Care,5,222.96,1114.8,CUST-3591,West
TXN-9766,21/07/2024,Headphones,Electronics,7,483.73,3386.11,CUST-4604,West
TXN-9438,05/11/2024,Face Cream,Beauty & Personal Care,6,489.99,2939.94,CUST-7274,South
TXN-7788,28/03/2024,Laptop,Electronics,4,445.68,1782.72,CUST-1264,West
TXN-8544,02/11/2024,Biography,Books,6,356.57,2139.42,CUST-3990,South
TXN-1587,26/12/2024,Novel,Books,5,130.89,654.45,CUST-5079,West
TXN-2715,09/02/2024,Face Cream,Beauty & Personal Care,1,123.74,123.74,CUST-7450,West
TXN-7416,12/05/2024,Jacket,Clothing,9,220.58,1985.22,CUST-2674,South
TXN-7049,03/02/2024,Blender,Home & Kitchen,4,370.95,1483.8,CUST-1155,East
TXN-9831,04/03/2024,Camera,Electronics,1,419.34,419.34,CUST-1441,West
TXN-1948,14/04/2024,Smartphone,Electronics,5,21.43,107.15,CUST-7115,East
TXN-8374,19/02/2024,Science Fiction,Books,9,395.28,3557.52,CUST-5741,North
TXN-3597,21/04/2024,Microwave,Home & Kitchen,2,226.29,452.58,CUST-6661,East
TXN-5249,23/06/2024,Blender,Home & Kitchen,9,213.61,1922.49,CUST-5757,West
TXN-6394,28/09/2024,Smartphone,Electronics,3,413.89,1241.67,CUST-6075,East
TXN-2531,15/03/2024,Conditioner,Beauty & Personal Care,9,155.85,1402.65,CUST-8155,East
TXN-1264,24/01/2024,Face Cream,Beauty & Personal Care,8,135.34,1082.72,CUST-2762,North
TXN-9259,08/12/2024,Smartphone,Electronics,9,28.83,259.47,CUST-8804,East
TXN-3479,03/12/2024,Headphones,Electronics,7,268,1876,CUST-1778,West
TXN-8851,21/01/2024,Jacket,Clothing,5,36.5,182.5,CUST-3044,North
TXN-5577,01/08/2024,Laptop,Electronics,4,434.93,1739.72,CUST-8468,North
TXN-7748,08/06/2024,Non-fiction,Books,9,173.7,1563.3,CUST-8986,South
TXN-2478,28/12/2024,Novel,Books,3,122.53,367.59,CUST-1771,North
TXN-3007,27/02/2024,Science Fiction,Books,6,135.02,810.12,CUST-5005,North
TXN-8815,28/03/2024,Laptop,Electronics,6,27.6,165.6,CUST-8616,South
TXN-9333,16/03/2024,Laptop,Electronics,1,313.15,313.15,CUST-7892,North
TXN-5976,11/08/2024,Novel,Books,6,427.8,2566.8,CUST-5987,West
TXN-1703,11/10/2024,Headphones,Electronics,5,222.08,1110.4,CUST-7376,South
TXN-1855,19/05/2024,Laptop,Electronics,1,310.45,310.45,CUST-1182,West
TXN-4629,08/01/2024,Laptop,Electronics,3,228.05,684.15,CUST-9210,East
TXN-7588,13/01/2024,Non-fiction,Books,5,132.8,664,CUST-7246,West
TXN-9365,13/07/2024,Novel,Books,8,432.13,3457.04,CUST-7574,South
TXN-6443,04/01/2024,Camera,Electronics,2,132.06,264.12,CUST-1593,East
TXN-4808,26/12/2024,Body Lotion,Beauty & Personal Care,8,376.83,3014.64,CUST-8922,East
TXN-2842,13/11/2024,Smartphone,Electronics,9,324.99,2924.91,CUST-5658,East
TXN-2628,03/06/2024,Headphones,Electronics,3,363.37,1090.11,CUST-7031,North
TXN-8980,05/10/2024,T-shirt,Clothing,3,227.18,681.54,CUST-5669,North
TXN-6624,28/06/2024,Headphones,Electronics,9,365.94,3293.46,CUST-2130,East
TXN-4259,02/12/2024,Jacket,Clothing,7,273.55,1914.85,CUST-2823,West
TXN-1359,16/11/2024,Cookware Set,Home & Kitchen,9,218.34,1965.06,CUST-2141,East
TXN-7583,05/12/2024,Novel,Books,8,190.4,1523.2,CUST-1006,West
TXN-6906,28/10/2024,Non-fiction,Books,1,176.21,176.21,CUST-1913,North
TXN-9767,08/05/2024,Science Fiction,Books,1,55.12,55.12,CUST-1929,East
TXN-6744,05/02/2024,Non-fiction,Books,6,229.73,1378.38,CUST-8069,West
TXN-8597,11/06/2024,Microwave,Home & Kitchen,4,54.15,216.6,CUST-7591,East
TXN-7268,10/05/2024,Microwave,Home & Kitchen,2,160.04,320.08,CUST-7628,South
TXN-7789,18/04/2024,T-shirt,Clothing,5,239.63,1198.15,CUST-7139,North
TXN-4807,04/06/2024,Laptop,Electronics,4,20.31,81.24,CUST-4236,North
TXN-5916,23/11/2024,Laptop,Electronics,2,88.33,176.66,CUST-1946,North
TXN-1340,21/12/2024,Toaster,Home & Kitchen,3,92.7,278.1,CUST-9491,South
TXN-7626,11/02/2024,Cookware Set,Home & Kitchen,3,86.79,260.37,CUST-7652,East
TXN-7905,05/03/2024,Camera,Electronics,2,313.59,627.18,CUST-3567,East
TXN-4730,21/11/2024,Novel,Books,5,273.8,1369,CUST-9458,North
TXN-7538,28/07/2024,Face Cream,Beauty & Personal Care,6,69.67,418.02,CUST-8684,East
TXN-1882,26/03/2024,Camera,Electronics,9,439.16,3952.44,CUST-6867,West
TXN-8269,01/11/2024,Biography,Books,7,190.79,1335.53,CUST-9125,West
TXN-4536,21/03/2024,Cookware Set,Home & Kitchen,9,184.32,1658.88,CUST-4802,East
TXN-5258,08/09/2024,Jacket,Clothing,4,404.26,1617.04,CUST-1115,West
TXN-8742,03/06/2024,Shampoo,Beauty & Personal Care,1,152.73,152.73,CUST-3490,North
TXN-5117,11/06/2024,Body Lotion,Beauty & Personal Care,7,14.46,101.22,CUST-4906,North
TXN-7337,24/09/2024,Dress,Clothing,5,182.56,912.8,CUST-1695,South
TXN-3841,08/01/2024,Headphones,Electronics,3,498.92,1496.76,CUST-9733,South
TXN-6668,08/08/2024,Cookware Set,Home & Kitchen,9,318.29,2864.61,CUST-9068,North
TXN-4175,09/07/2024,Novel,Books,1,423.73,423.73,CUST-5897,West
TXN-4655,14/03/2024,Science Fiction,Books,6,156.54,939.24,CUST-1187,South
TXN-3130,06/11/2024,Face Cream,Beauty & Personal Care,2,8.01,16.02,CUST-6647,North
TXN-8547,28/06/2024,T-shirt,Clothing,7,421.83,2952.81,CUST-7465,West
TXN-3555,07/02/2024,T-shirt,Clothing,8,151.17,1209.36,CUST-3951,South
TXN-3368,09/01/2024,Blender,Home & Kitchen,7,240.84,1685.88,CUST-6789,South
TXN-8480,22/09/2024,Shampoo,Beauty & Personal Care,3,182.12,546.36,CUST-1182,North
TXN-9851,14/02/2024,Dress,Clothing,8,279.56,2236.48,CUST-7555,South
TXN-3307,23/11/2024,Non-fiction,Books,6,283.83,1702.98,CUST-7919,North
TXN-8016,17/12/2024,Jacket,Clothing,2,71.25,142.5,CUST-8758,West
TXN-7352,24/07/2024,Laptop,Electronics,2,141.7,283.4,CUST-7056,East
TXN-5232,02/11/2024,Shampoo,Beauty & Personal Care,9,183.32,1649.88,CUST-5523,West
TXN-3224,16/06/2024,Biography,Books,3,219.74,659.22,CUST-7091,West
TXN-8094,15/10/2024,Blender,Home & Kitchen,7,249.44,1746.08,CUST-4796,North
TXN-9043,17/11/2024,Shampoo,Beauty & Personal Care,5,483.19,2415.95,CUST-5888,East
TXN-2316,17/10/2024,Camera,Electronics,3,319,957,CUST-2124,North
TXN-6777,12/03/2024,Novel,Books,3,231.56,694.68,CUST-5968,West
TXN-5424,11/06/2024,Novel,Books,2,278.27,556.54,CUST-4893,East
TXN-9353,24/09/2024,Laptop,Electronics,7,305.84,2140.88,CUST-9967,West
TXN-4220,08/12/2024,Science Fiction,Books,6,324.19,1945.14,CUST-2461,South
TXN-5213,10/06/2024,Laptop,Electronics,3,335.1,1005.3,CUST-7708,West
TXN-4841,17/06/2024,Novel,Books,5,455.98,2279.9,CUST-8011,East
TXN-3064,22/12/2024,T-shirt,Clothing,3,205.12,615.36,CUST-5979,East
TXN-4923,28/07/2024,Shampoo,Beauty & Personal Care,4,25.62,102.48,CUST-3745,East
TXN-3222,02/09/2024,Biography,Books,5,42.81,214.05,CUST-5063,East
TXN-3803,12/09/2024,Shampoo,Beauty & Personal Care,7,261.39,1829.73,CUST-1719,North
TXN-5402,11/09/2024,Cookware Set,Home & Kitchen,7,440.23,3081.61,CUST-7919,North
TXN-9835,03/08/2024,Laptop,Electronics,8,231.71,1853.68,CUST-9680,East
TXN-9707,08/10/2024,Conditioner,Beauty & Personal Care,7,337.46,2362.22,CUST-9584,South
TXN-7683,09/06/2024,Face Cream,Beauty & Personal Care,4,274.52,1098.08,CUST-6690,West
TXN-8468,11/03/2024,Jacket,Clothing,9,313.09,2817.81,CUST-9652,West
TXN-4483,11/11/2024,Face Cream,Beauty & Personal Care,4,197.14,788.56,CUST-2072,West
TXN-3606,14/09/2024,Non-fiction,Books,6,237.64,1425.84,CUST-4313,South
TXN-3295,01/06/2024,Jeans,Clothing,5,251.17,1255.85,CUST-2946,North
TXN-8557,22/06/2024,Dress,Clothing,5,481.34,2406.7,CUST-7589,East
TXN-2116,12/08/2024,Jeans,Clothing,3,87.05,261.15,CUST-1492,South
TXN-5958,12/12/2024,Blender,Home & Kitchen,1,490.69,490.69,CUST-3743,West
TXN-9548,18/09/2024,Toaster,Home & Kitchen,9,113.46,1021.14,CUST-8186,South
TXN-9988,02/11/2024,Jeans,Clothing,4,415.55,1662.2,CUST-2296,South
TXN-9711,08/10/2024,Blender,Home & Kitchen,2,483.69,967.38,CUST-4423,East
TXN-4667,18/08/2024,Biography,Books,1,231.83,231.83,CUST-6973,East
TXN-4619,28/05/2024,Face Cream,Beauty & Personal Care,9,418.53,3766.77,CUST-4583,South
TXN-5967,23/02/2024,Science Fiction,Books,5,114.93,574.65,CUST-6722,South
TXN-2196,04/10/2024,Shampoo,Beauty & Personal Care,3,447.85,1343.55,CUST-8432,East
TXN-5422,03/01/2024,Microwave,Home & Kitchen,1,27.23,27.23,CUST-3451,South
TXN-4674,14/10/2024,Body Lotion,Beauty & Personal Care,3,475.71,1427.13,CUST-5369,South
TXN-2105,01/04/2024,Shampoo,Beauty & Personal Care,4,289.05,1156.2,CUST-3161,West
TXN-4786,09/09/2024,Smartphone,Electronics,4,55.39,221.56,CUST-2913,South
TXN-3780,05/04/2024,Smartphone,Electronics,2,341.38,682.76,CUST-8423,North
TXN-2132,07/12/2024,Microwave,Home & Kitchen,5,260.77,1303.85,CUST-8470,West
TXN-9275,20/02/2024,T-shirt,Clothing,5,382.74,1913.7,CUST-4180,West
TXN-5570,26/04/2024,Shampoo,Beauty & Personal Care,3,298.93,896.79,CUST-1270,West
TXN-4607,10/08/2024,Blender,Home & Kitchen,3,52.05,156.15,CUST-4075,North
TXN-8415,23/04/2024,Blender,Home & Kitchen,1,271.85,271.85,CUST-1580,South
TXN-9891,06/06/2024,Shampoo,Beauty & Personal Care,9,297.26,2675.34,CUST-2380,South
TXN-4156,03/04/2024,Camera,Electronics,7,105.77,740.39,CUST-9575,South
TXN-4109,04/03/2024,Microwave,Home & Kitchen,4,483.59,1934.36,CUST-4240,South
TXN-7680,19/11/2024,Body Lotion,Beauty & Personal Care,2,448.54,897.08,CUST-1205,North
TXN-6141,22/05/2024,Camera,Electronics,6,205.85,1235.1,CUST-3708,South
TXN-4273,02/11/2024,Headphones,Electronics,7,274.53,1921.71,CUST-9712,West
TXN-6679,15/04/2024,Camera,Electronics,6,136.34,818.04,CUST-1152,East
TXN-6310,19/09/2024,Blender,Home & Kitchen,6,391.46,2348.76,CUST-2104,North
TXN-8263,27/07/2024,Camera,Electronics,2,350.12,700.24,CUST-8365,East
TXN-4664,27/02/2024,Headphones,Electronics,7,425.98,2981.86,CUST-1680,East
TXN-3292,17/03/2024,Shampoo,Beauty & Personal Care,6,171.13,1026.78,CUST-8742,North
TXN-8106,15/10/2024,Camera,Electronics,7,276.91,1938.37,CUST-4171,West
TXN-4490,14/08/2024,Novel,Books,3,392.17,1176.51,CUST-2293,South
TXN-3972,06/03/2024,Jacket,Clothing,4,281.7,1126.8,CUST-8032,North
TXN-2476,16/11/2024,Camera,Electronics,3,217.65,652.95,CUST-1389,North
TXN-4663,11/11/2024,Face Cream,Beauty & Personal Care,3,476.47,1429.41,CUST-2481,West
TXN-4093,25/03/2024,Headphones,Electronics,4,314.39,1257.56,CUST-5068,West
TXN-5595,28/08/2024,Cookware Set,Home & Kitchen,7,453.51,3174.57,CUST-9160,South
TXN-1139,06/01/2024,Smartphone,Electronics,5,156.85,784.25,CUST-4168,West
TXN-4104,16/02/2024,Face Cream,Beauty & Personal Care,5,38.83,194.15,CUST-4560,North
TXN-8846,01/04/2024,Blender,Home & Kitchen,2,106.67,213.34,CUST-4765,South
TXN-6911,10/02/2024,Toaster,Home & Kitchen,8,495.23,3961.84,CUST-5456,West
TXN-8737,28/05/2024,Smartphone,Electronics,1,56.05,56.05,CUST-2988,West
TXN-6808,07/12/2024,Dress,Clothing,9,106.2,955.8,CUST-8162,South
TXN-6633,24/12/2024,Toaster,Home & Kitchen,9,371.38,3342.42,CUST-7309,South
TXN-2518,20/06/2024,Jacket,Clothing,7,90.19,631.33,CUST-3600,East
TXN-3849,03/06/2024,Science Fiction,Books,4,50.59,202.36,CUST-2742,West
TXN-5195,28/11/2024,Blender,Home & Kitchen,1,337.67,337.67,CUST-3305,South
TXN-7409,15/05/2024,Shampoo,Beauty & Personal Care,3,57.42,172.26,CUST-5757,West
TXN-9801,13/09/2024,Blender,Home & Kitchen,8,295.86,2366.88,CUST-9475,West
TXN-8304,19/04/2024,Laptop,Electronics,4,468.45,1873.8,CUST-2920,North
TXN-5937,27/02/2024,T-shirt,Clothing,6,488.62,2931.72,CUST-3101,West
TXN-4676,09/11/2024,Dress,Clothing,5,457.7,2288.5,CUST-9089,East
TXN-5017,13/04/2024,Cookware Set,Home & Kitchen,1,275.7,275.7,CUST-9560,West
TXN-6694,25/01/2024,Body Lotion,Beauty & Personal Care,4,11.8,47.2,CUST-6485,East
TXN-9252,03/02/2024,Face Cream,Beauty & Personal Care,2,35.95,71.9,CUST-4901,East
TXN-2526,18/10/2024,Jacket,Clothing,2,189.24,378.48,CUST-5370,North
TXN-2993,01/06/2024,Science Fiction,Books,8,104.14,833.12,CUST-2014,East
TXN-7864,06/09/2024,Cookware Set,Home & Kitchen,3,386.52,1159.56,CUST-8786,South
TXN-5744,24/02/2024,Laptop,Electronics,1,448.2,448.2,CUST-4258,East
TXN-6738,15/05/2024,Shampoo,Beauty & Personal Care,6,216.66,1299.96,CUST-8697,South
TXN-9326,22/11/2024,Jeans,Clothing,9,104.54,940.86,CUST-9003,East
TXN-9312,06/01/2024,Novel,Books,7,357.92,2505.44,CUST-6103,East
TXN-3668,19/04/2024,Shampoo,Beauty & Personal Care,5,374.65,1873.25,CUST-1802,North
TXN-3330,10/08/2024,Novel,Books,4,462.66,1850.64,CUST-4606,North
TXN-3591,05/07/2024,Laptop,Electronics,4,436.95,1747.8,CUST-7121,North
TXN-8024,09/05/2024,Smartphone,Electronics,7,119.73,838.11,CUST-2029,South
TXN-1086,12/01/2024,Microwave,Home & Kitchen,7,100.96,706.72,CUST-9143,North
TXN-2700,13/07/2024,Blender,Home & Kitchen,6,151.49,908.94,CUST-7815,South
TXN-4687,02/05/2024,Non-fiction,Books,7,217.66,1523.62,CUST-9676,East
TXN-9912,10/11/2024,Biography,Books,6,272.98,1637.88,CUST-9690,South
TXN-8178,23/07/2024,Jacket,Clothing,3,115.07,345.21,CUST-4630,South
TXN-6628,15/09/2024,Microwave,Home & Kitchen,8,310.07,2480.56,CUST-4360,South
TXN-9640,02/02/2024,Headphones,Electronics,8,352.56,2820.48,CUST-6618,East
TXN-1238,21/01/2024,Shampoo,Beauty & Personal Care,2,15.96,31.92,CUST-5927,South
TXN-6388,26/05/2024,Body Lotion,Beauty & Personal Care,8,347.58,2780.64,CUST-6126,North
TXN-4645,11/01/2024,Jacket,Clothing,5,389.36,1946.8,CUST-9442,North
TXN-4893,09/12/2024,Body Lotion,Beauty & Personal Care,5,114.84,574.2,CUST-3679,East
TXN-7773,07/09/2024,Laptop,Electronics,6,422.45,2534.7,CUST-1717,North
TXN-5994,21/11/2024,Body Lotion,Beauty & Personal Care,2,205.26,410.52,CUST-5637,East
TXN-9385,22/08/2024,Smartphone,Electronics,3,144.04,432.12,CUST-3565,West
TXN-9923,25/04/2024,Novel,Books,8,484.19,3873.52,CUST-5780,East
TXN-7079,10/11/2024,T-shirt,Clothing,6,219.57,1317.42,CUST-1002,South
TXN-7003,26/11/2024,Toaster,Home & Kitchen,4,234.8,939.2,CUST-7239,East
TXN-1670,02/12/2024,Microwave,Home & Kitchen,2,332.53,665.06,CUST-7460,South
TXN-2892,26/07/2024,Camera,Electronics,9,293.94,2645.46,CUST-4792,West
TXN-3942,06/12/2024,Microwave,Home & Kitchen,7,332.93,2330.51,CUST-3972,North
TXN-2812,04/10/2024,Dress,Clothing,7,304.68,2132.76,CUST-1489,North
TXN-1615,25/11/2024,Conditioner,Beauty & Personal Care,6,196.17,1177.02,CUST-8404,North
TXN-7539,26/03/2024,Toaster,Home & Kitchen,1,294.41,294.41,CUST-5886,South
TXN-5334,06/03/2024,Dress,Clothing,1,139.61,139.61,CUST-7204,South
TXN-1922,07/04/2024,Laptop,Electronics,5,348.85,1744.25,CUST-8957,South
TXN-5933,20/08/2024,T-shirt,Clothing,4,233.45,933.8,CUST-4940,East
TXN-7718,06/06/2024,Novel,Books,8,20.42,163.36,CUST-5500,West
TXN-4759,25/06/2024,Blender,Home & Kitchen,8,429.77,3438.16,CUST-3103,East
TXN-7033,08/02/2024,Cookware Set,Home & Kitchen,7,498.1,3486.7,CUST-3378,West
TXN-9490,10/11/2024,Laptop,Electronics,6,51.98,311.88,CUST-2474,South
TXN-3964,22/03/2024,Body Lotion,Beauty & Personal Care,1,480.77,480.77,CUST-7644,East
TXN-1991,23/04/2024,Toaster,Home & Kitchen,8,313.75,2510,CUST-4839,South
TXN-1067,11/03/2024,Microwave,Home & Kitchen,3,314.18,942.54,CUST-4521,South
TXN-3258,24/07/2024,Jacket,Clothing,9,118.29,1064.61,CUST-1650,North
TXN-5996,21/03/2024,Dress,Clothing,5,318.37,1591.85,CUST-3827,East
TXN-8845,14/09/2024,Jeans,Clothing,1,233.28,233.28,CUST-5383,West
TXN-8031,11/07/2024,Toaster,Home & Kitchen,7,432.5,3027.5,CUST-4716,North
TXN-3505,19/06/2024,Headphones,Electronics,9,326.08,2934.72,CUST-7982,East
TXN-8086,14/01/2024,Science Fiction,Books,8,354.04,2832.32,CUST-5749,North
TXN-6162,08/12/2024,Jeans,Clothing,1,306.8,306.8,CUST-2141,West
TXN-9281,05/02/2024,Biography,Books,3,321.32,963.96,CUST-3789,South
TXN-4882,20/06/2024,Jeans,Clothing,8,51.98,415.84,CUST-8175,West
TXN-7582,07/11/2024,Conditioner,Beauty & Personal Care,1,305.39,305.39,CUST-1975,West
TXN-8382,09/08/2024,Body Lotion,Beauty & Personal Care,8,102.34,818.72,CUST-3259,East
TXN-2230,14/05/2024,Shampoo,Beauty & Personal Care,7,311.4,2179.8,CUST-7419,South
TXN-4856,19/10/2024,Novel,Books,7,201,1407,CUST-5589,East
TXN-9954,18/04/2024,Toaster,Home & Kitchen,7,109.34,765.38,CUST-3775,South
TXN-8972,08/09/2024,Dress,Clothing,5,267.29,1336.45,CUST-9775,West
TXN-1191,24/08/2024,Science Fiction,Books,8,107.6,860.8,CUST-1649,West
TXN-6457,24/06/2024,Non-fiction,Books,4,109.2,436.8,CUST-8542,North
TXN-2289,14/08/2024,Toaster,Home & Kitchen,5,241.86,1209.3,CUST-8522,West
TXN-4318,25/10/2024,Non-fiction,Books,7,45.72,320.04,CUST-7324,West
TXN-6067,17/08/2024,Jeans,Clothing,9,289.27,2603.43,CUST-6518,North
TXN-4103,08/09/2024,Jacket,Clothing,7,420.85,2945.95,CUST-8124,East
TXN-4109,28/03/2024,Dress,Clothing,9,248.82,2239.38,CUST-1226,North
TXN-3535,17/01/2024,Jacket,Clothing,7,229.73,1608.11,CUST-2252,West
TXN-2574,25/08/2024,Blender,Home & Kitchen,6,118.76,712.56,CUST-2695,North
TXN-1052,28/03/2024,Microwave,Home & Kitchen,6,428.08,2568.48,CUST-2666,South
TXN-7855,08/07/2024,Conditioner,Beauty & Personal Care,6,303.91,1823.46,CUST-5482,South
TXN-4416,21/09/2024,Blender,Home & Kitchen,5,91.69,458.45,CUST-4558,West
TXN-3547,22/01/2024,Novel,Books,2,31.49,62.98,CUST-3979,North
TXN-6447,27/02/2024,Headphones,Electronics,1,150.5,150.5,CUST-5204,North
TXN-9347,16/09/2024,Microwave,Home & Kitchen,7,8.19,57.33,CUST-1886,South
TXN-7751,14/02/2024,Jeans,Clothing,1,353.52,353.52,CUST-2117,South
TXN-2647,17/07/2024,Jacket,Clothing,5,382.63,1913.15,CUST-7771,North
TXN-8069,25/01/2024,Smartphone,Electronics,5,29.87,149.35,CUST-3696,West
TXN-4871,01/12/2024,Headphones,Electronics,2,111.67,223.34,CUST-4308,West
TXN-4303,19/10/2024,Camera,Electronics,8,461.57,3692.56,CUST-8850,North
TXN-5485,18/06/2024,Camera,Electronics,5,285.06,1425.3,CUST-9100,North
TXN-5322,11/03/2024,Body Lotion,Beauty & Personal Care,6,48.34,290.04,CUST-7999,West
TXN-2874,28/07/2024,Headphones,Electronics,2,335.59,671.18,CUST-9464,North
TXN-8538,04/04/2024,Toaster,Home & Kitchen,2,311.71,623.42,CUST-7320,West
TXN-4176,23/04/2024,Toaster,Home & Kitchen,4,340.67,1362.68,CUST-2517,West
TXN-5891,10/01/2024,Cookware Set,Home & Kitchen,3,75.42,226.26,CUST-3863,South
TXN-7513,06/04/2024,Camera,Electronics,8,469.8,3758.4,CUST-1183,East
TXN-9728,03/02/2024,Non-fiction,Books,7,484.2,3389.4,CUST-2273,East
TXN-9002,05/08/2024,Jeans,Clothing,4,378.16,1512.64,CUST-6314,North
TXN-7305,18/07/2024,Dress,Clothing,1,8.4,8.4,CUST-7995,East
TXN-7511,22/01/2024,Non-fiction,Books,7,152.93,1070.51,CUST-4672,East
TXN-6552,22/04/2024,Jacket,Clothing,5,217.83,1089.15,CUST-7589,South
TXN-9185,14/10/2024,Face Cream,Beauty & Personal Care,6,342.67,2056.02,CUST-6043,North
TXN-3672,16/11/2024,Camera,Electronics,9,198.11,1782.99,CUST-8531,North
TXN-3773,23/08/2024,Biography,Books,5,411.39,2056.95,CUST-9383,East
TXN-4783,11/07/2024,Toaster,Home & Kitchen,9,471.62,4244.58,CUST-5668,West
TXN-5538,05/06/2024,Shampoo,Beauty & Personal Care,5,234.67,1173.35,CUST-1584,South
TXN-3866,28/11/2024,Toaster,Home & Kitchen,1,351.35,351.35,CUST-7251,West
TXN-8036,28/06/2024,Biography,Books,8,151.7,1213.6,CUST-4961,East
TXN-7686,25/04/2024,Headphones,Electronics,5,123.84,619.2,CUST-1896,East
TXN-7837,21/10/2024,Shampoo,Beauty & Personal Care,1,73.25,73.25,CUST-6454,East
TXN-7845,17/01/2024,Smartphone,Electronics,3,178.66,535.98,CUST-9848,South
TXN-8693,15/08/2024,Smartphone,Electronics,6,285.02,1710.12,CUST-4580,West
TXN-8984,25/07/2024,Blender,Home & Kitchen,5,106.1,530.5,CUST-7049,North
TXN-3618,18/02/2024,T-shirt,Clothing,4,128.64,514.56,CUST-7928,East
TXN-8566,11/03/2024,Smartphone,Electronics,7,211.75,1482.25,CUST-2003,South
TXN-9095,16/10/2024,Microwave,Home & Kitchen,3,119.58,358.74,CUST-2895,North
TXN-6184,04/03/2024,Shampoo,Beauty & Personal Care,7,131.39,919.73,CUST-2956,North
TXN-3284,03/02/2024,Science Fiction,Books,4,212.5,850,CUST-1757,West
TXN-4847,24/07/2024,Blender,Home & Kitchen,7,114.12,798.84,CUST-3418,East
TXN-9849,05/02/2024,T-shirt,Clothing,3,50.23,150.69,CUST-1422,North
TXN-9069,26/08/2024,Science Fiction,Books,7,417.3,2921.1,CUST-3541,South
TXN-6737,15/02/2024,Novel,Books,7,252.74,1769.18,CUST-2447,West
TXN-3671,27/08/2024,T-shirt,Clothing,5,451.28,2256.4,CUST-4177,West
TXN-1808,05/03/2024,Blender,Home & Kitchen,4,165.55,662.2,CUST-1725,East
TXN-3806,13/11/2024,Blender,Home & Kitchen,4,194.21,776.84,CUST-6634,South
TXN-2814,19/10/2024,Camera,Electronics,7,232.53,1627.71,CUST-1124,West
TXN-3971,13/02/2024,Face Cream,Beauty & Personal Care,7,211.51,1480.57,CUST-8415,East
TXN-7782,25/09/2024,Smartphone,Electronics,9,346.75,3120.75,CUST-9307,South
TXN-5780,23/07/2024,Jacket,Clothing,5,418.3,2091.5,CUST-4792,South
TXN-6450,19/01/2024,T-shirt,Clothing,2,30.06,60.12,CUST-2553,West
TXN-5586,12/10/2024,Microwave,Home & Kitchen,6,391.9,2351.4,CUST-6877,North
TXN-2902,14/07/2024,Jacket,Clothing,8,452.6,3620.8,CUST-5670,South
TXN-1464,04/08/2024,Novel,Books,1,114.78,114.78,CUST-9711,West
TXN-7543,07/10/2024,Face Cream,Beauty & Personal Care,4,227.78,911.12,CUST-7124,South
TXN-4982,15/04/2024,Novel,Books,5,365.13,1825.65,CUST-6555,West
TXN-8478,20/04/2024,Toaster,Home & Kitchen,5,403.69,2018.45,CUST-5933,North
TXN-4939,23/03/2024,Biography,Books,2,33.06,66.12,CUST-2909,South
TXN-1931,07/09/2024,Conditioner,Beauty & Personal Care,4,448.37,1793.48,CUST-7382,West
TXN-7781,05/11/2024,Laptop,Electronics,4,57.27,229.08,CUST-1277,West
TXN-7792,07/10/2024,T-shirt,Clothing,2,19.86,39.72,CUST-5675,West
TXN-6308,21/03/2024,Toaster,Home & Kitchen,3,291.01,873.03,CUST-1287,South
TXN-9151,16/01/2024,Dress,Clothing,2,311.29,622.58,CUST-9207,East
TXN-1886,04/05/2024,Body Lotion,Beauty & Personal Care,8,412.52,3300.16,CUST-4398,East
TXN-2371,15/01/2024,Jeans,Clothing,1,445.51,445.51,CUST-6300,East
TXN-7553,08/11/2024,Jeans,Clothing,8,258.26,2066.08,CUST-8498,East
TXN-3229,17/02/2024,Face Cream,Beauty & Personal Care,3,339.86,1019.58,CUST-3077,East
TXN-5873,10/12/2024,Non-fiction,Books,9,14.1,126.9,CUST-6856,South
TXN-2269,25/06/2024,Shampoo,Beauty & Personal Care,6,113.26,679.56,CUST-5563,West
TXN-6593,02/09/2024,Jacket,Clothing,9,498.47,4486.23,CUST-7155,East
TXN-4809,07/04/2024,Smartphone,Electronics,9,313.25,2819.25,CUST-5155,West
TXN-2409,14/09/2024,Jacket,Clothing,4,91.45,365.8,CUST-8452,North
TXN-1279,10/05/2024,Non-fiction,Books,4,284.14,1136.56,CUST-3669,North
TXN-5427,24/06/2024,Face Cream,Beauty & Personal Care,2,459.05,918.1,CUST-6573,South
TXN-5535,01/09/2024,Non-fiction,Books,6,265.11,1590.66,CUST-8697,North
TXN-6874,14/07/2024,Cookware Set,Home & Kitchen,5,332.61,1663.05,CUST-8148,East
TXN-7638,02/12/2024,Conditioner,Beauty & Personal Care,1,416.6,416.6,CUST-8940,East
TXN-7010,01/11/2024,Face Cream,Beauty & Personal Care,7,365.82,2560.74,CUST-2268,East
TXN-3237,08/07/2024,Cookware Set,Home & Kitchen,3,78.37,235.11,CUST-7394,North
TXN-8774,02/06/2024,Novel,Books,9,278.79,2509.11,CUST-5932,East
TXN-8754,15/07/2024,Novel,Books,8,52.01,416.08,CUST-2367,East
TXN-2986,26/01/2024,Toaster,Home & Kitchen,3,446.2,1338.6,CUST-8604,North
TXN-3076,01/03/2024,Smartphone,Electronics,4,342.68,1370.72,CUST-6594,North
TXN-1242,19/06/2024,Non-fiction,Books,4,377.97,1511.88,CUST-8269,West
TXN-3158,13/05/2024,Microwave,Home & Kitchen,9,145.85,1312.65,CUST-6162,North
TXN-4823,26/03/2024,Cookware Set,Home & Kitchen,8,481.92,3855.36,CUST-1298,West
TXN-3799,19/07/2024,Shampoo,Beauty & Personal Care,4,327.69,1310.76,CUST-5875,West
TXN-4346,14/06/2024,Toaster,Home & Kitchen,6,263.99,1583.94,CUST-2907,South
TXN-2466,22/04/2024,Camera,Electronics,1,488.63,488.63,CUST-2966,South
TXN-8833,14/06/2024,Blender,Home & Kitchen,4,99.02,396.08,CUST-9106,East
TXN-2912,22/09/2024,Blender,Home & Kitchen,5,161.31,806.55,CUST-4637,North
TXN-7448,14/07/2024,Smartphone,Electronics,4,200.99,803.96,CUST-8382,West
TXN-8008,14/04/2024,Conditioner,Beauty & Personal Care,9,192.03,1728.27,CUST-3381,East
TXN-2773,13/04/2024,Cookware Set,Home & Kitchen,1,57.64,57.64,CUST-1946,South
TXN-9435,06/10/2024,Jacket,Clothing,5,223.81,1119.05,CUST-7360,East
TXN-2192,10/10/2024,Jeans,Clothing,1,477.51,477.51,CUST-2464,East
TXN-6867,28/05/2024,Conditioner,Beauty & Personal Care,4,152.19,608.76,CUST-2539,South
TXN-8680,18/07/2024,Headphones,Electronics,6,33.99,203.94,CUST-5386,West
TXN-6930,14/11/2024,Body Lotion,Beauty & Personal Care,4,272.44,1089.76,CUST-6275,West
TXN-8354,05/04/2024,Non-fiction,Books,3,79.97,239.91,CUST-4622,North
TXN-8837,11/06/2024,Jacket,Clothing,9,415.08,3735.72,CUST-6185,West
TXN-1692,01/07/2024,Biography,Books,4,392.82,1571.28,CUST-1441,West
TXN-3645,05/03/2024,Jeans,Clothing,6,362.42,2174.52,CUST-8933,East
TXN-8797,07/11/2024,Shampoo,Beauty & Personal Care,1,78.82,78.82,CUST-1904,South
TXN-9462,20/02/2024,Body Lotion,Beauty & Personal Care,1,285.61,285.61,CUST-6606,West
TXN-1421,26/05/2024,Conditioner,Beauty & Personal Care,2,301.73,603.46,CUST-5675,West
TXN-7103,02/06/2024,Cookware Set,Home & Kitchen,1,254.26,254.26,CUST-4243,South
TXN-6882,28/07/2024,Jacket,Clothing,9,12.21,109.89,CUST-9415,North
TXN-5524,05/06/2024,Science Fiction,Books,1,287.95,287.95,CUST-3774,East
TXN-9134,15/11/2024,Shampoo,Beauty & Personal Care,7,190.04,1330.28,CUST-6506,South
TXN-3670,13/06/2024,Cookware Set,Home & Kitchen,3,30.32,90.96,CUST-4138,South
TXN-1556,23/08/2024,Jacket,Clothing,4,8.63,34.52,CUST-6452,West
TXN-3062,06/07/2024,Blender,Home & Kitchen,5,29.1,145.5,CUST-5321,West
TXN-3313,16/11/2024,Camera,Electronics,1,324.56,324.56,CUST-6831,South
TXN-2689,04/09/2024,Smartphone,Electronics,9,67.84,610.56,CUST-3936,North
TXN-6649,14/11/2024,Microwave,Home & Kitchen,5,474.75,2373.75,CUST-2819,South
TXN-2079,15/11/2024,Dress,Clothing,9,32.43,291.87,CUST-7280,East
TXN-6089,26/03/2024,Novel,Books,4,92.66,370.64,CUST-6911,West
TXN-9558,02/02/2024,Shampoo,Beauty & Personal Care,9,30.23,272.07,CUST-5041,North
TXN-4510,19/11/2024,Body Lotion,Beauty & Personal Care,2,315.73,631.46,CUST-6428,South
TXN-5658,23/11/2024,Jeans,Clothing,6,366.47,2198.82,CUST-7869,South
TXN-9890,19/01/2024,Cookware Set,Home & Kitchen,7,139.96,979.72,CUST-3938,South
TXN-6730,03/02/2024,Biography,Books,1,478.81,478.81,CUST-2191,North
TXN-7683,28/03/2024,Body Lotion,Beauty & Personal Care,6,34.29,205.74,CUST-9876,South
TXN-7040,01/09/2024,Science Fiction,Books,6,440.4,2642.4,CUST-5758,East
TXN-6708,18/11/2024,Microwave,Home & Kitchen,7,296.56,2075.92,CUST-6974,West
TXN-5908,18/12/2024,Laptop,Electronics,7,278.97,1952.79,CUST-4159,North
TXN-2073,27/04/2024,Cookware Set,Home & Kitchen,3,180.64,541.92,CUST-3693,East
TXN-8257,16/08/2024,Blender,Home & Kitchen,9,399.14,3592.26,CUST-7772,North
TXN-9488,11/06/2024,Non-fiction,Books,9,95.46,859.14,CUST-3296,North
TXN-6622,03/05/2024,Conditioner,Beauty & Personal Care,2,471.03,942.06,CUST-2248,South
TXN-7487,01/03/2024,Cookware Set,Home & Kitchen,1,184.02,184.02,CUST-7115,South
TXN-1220,23/03/2024,Laptop,Electronics,2,445.88,891.76,CUST-5818,North
TXN-8209,01/03/2024,Smartphone,Electronics,3,131.59,394.77,CUST-2871,West
TXN-9236,21/06/2024,Science Fiction,Books,2,156.68,313.36,CUST-6753,West
TXN-2033,20/09/2024,Headphones,Electronics,7,362.92,2540.44,CUST-9465,West
TXN-1515,09/08/2024,Non-fiction,Books,9,304.4,2739.6,CUST-7297,West
TXN-4332,15/04/2024,Non-fiction,Books,3,280.92,842.76,CUST-1622,North
TXN-6214,08/09/2024,T-shirt,Clothing,4,498.49,1993.96,CUST-1066,North
TXN-8465,24/04/2024,Laptop,Electronics,3,452.1,1356.3,CUST-4339,South
TXN-1198,22/02/2024,Face Cream,Beauty & Personal Care,8,24.94,199.52,CUST-1571,South
TXN-1734,18/09/2024,Shampoo,Beauty & Personal Care,3,443.71,1331.13,CUST-9979,East
TXN-1731,23/10/2024,Novel,Books,2,482.78,965.56,CUST-2605,East
TXN-9516,22/03/2024,Microwave,Home & Kitchen,2,107.26,214.52,CUST-8099,South
TXN-5312,23/12/2024,Microwave,Home & Kitchen,8,413.48,3307.84,CUST-7326,South
TXN-2167,08/06/2024,Smartphone,Electronics,4,191.45,765.8,CUST-6810,East
TXN-3220,27/07/2024,Dress,Clothing,4,245.4,981.6,CUST-7691,West
TXN-4197,23/09/2024,Camera,Electronics,2,472.79,945.58,CUST-8037,South
TXN-8090,16/10/2024,Jacket,Clothing,6,7.54,45.24,CUST-5661,West
TXN-4797,07/11/2024,Microwave,Home & Kitchen,4,148.27,593.08,CUST-4968,West
TXN-1378,22/03/2024,Face Cream,Beauty & Personal Care,8,325.18,2601.44,CUST-7380,East
TXN-4158,27/09/2024,Microwave,Home & Kitchen,6,48.64,291.84,CUST-5938,North
TXN-3212,27/09/2024,T-shirt,Clothing,2,203.89,407.78,CUST-1382,North
TXN-7146,15/04/2024,Camera,Electronics,5,490.71,2453.55,CUST-6565,East
TXN-6969,22/02/2024,Toaster,Home & Kitchen,1,155.6,155.6,CUST-5813,West
TXN-5657,23/04/2024,Jacket,Clothing,6,178.15,1068.9,CUST-8943,East
TXN-6607,17/04/2024,Microwave,Home & Kitchen,9,70.48,634.32,CUST-7924,South
TXN-2990,25/07/2024,Smartphone,Electronics,9,89.94,809.46,CUST-5645,South
TXN-5435,21/05/2024,Toaster,Home & Kitchen,1,228.38,228.38,CUST-2045,South
TXN-7768,17/11/2024,Cookware Set,Home & Kitchen,2,326.13,652.26,CUST-9633,North
TXN-7468,20/05/2024,T-shirt,Clothing,7,163.82,1146.74,CUST-2551,West
TXN-2449,02/09/2024,Blender,Home & Kitchen,8,241.96,1935.68,CUST-9456,North
TXN-3925,18/01/2024,Toaster,Home & Kitchen,6,372.43,2234.58,CUST-8104,West
TXN-4153,11/11/2024,Camera,Electronics,4,258.63,1034.52,CUST-2567,North
TXN-8867,16/06/2024,Smartphone,Electronics,9,375.94,3383.46,CUST-5897,West
TXN-3741,05/01/2024,Dress,Clothing,8,314.21,2513.68,CUST-9362,South
TXN-1498,02/10/2024,Shampoo,Beauty & Personal Care,2,433.69,867.38,CUST-4779,South
TXN-5565,01/10/2024,Cookware Set,Home & Kitchen,2,493.51,987.02,CUST-6187,East
TXN-3568,15/11/2024,Smartphone,Electronics,5,269.66,1348.3,CUST-2867,West
TXN-7103,06/11/2024,Dress,Clothing,3,14.05,42.15,CUST-1240,East
TXN-4768,28/07/2024,Camera,Electronics,7,97.63,683.41,CUST-9802,West
TXN-7568,02/10/2024,Body Lotion,Beauty & Personal Care,4,404.89,1619.56,CUST-7080,South
TXN-2230,22/08/2024,Jeans,Clothing,1,160.74,160.74,CUST-2910,East
TXN-2916,20/01/2024,Cookware Set,Home & Kitchen,2,455.17,910.34,CUST-7996,North
TXN-7362,21/05/2024,Shampoo,Beauty & Personal Care,1,477.95,477.95,CUST-9683,South
TXN-1585,17/11/2024,Toaster,Home & Kitchen,8,110.08,880.64,CUST-1534,North
TXN-6325,19/07/2024,Science Fiction,Books,2,191.64,383.28,CUST-1001,North
TXN-2861,09/06/2024,T-shirt,Clothing,1,254.16,254.16,CUST-9320,South
TXN-6398,26/07/2024,Conditioner,Beauty & Personal Care,3,191.79,575.37,CUST-7604,South
TXN-9758,25/11/2024,Biography,Books,1,26.33,26.33,CUST-4140,East
TXN-9997,16/07/2024,Body Lotion,Beauty & Personal Care,1,256.53,256.53,CUST-2357,South
TXN-9737,09/01/2024,Body Lotion,Beauty & Personal Care,3,100.05,300.15,CUST-3728,South
TXN-1616,14/01/2024,Cookware Set,Home & Kitchen,2,462.42,924.84,CUST-2203,South
TXN-7269,17/12/2024,Jeans,Clothing,2,345.96,691.92,CUST-5078,East
TXN-7175,28/11/2024,Dress,Clothing,8,295.32,2362.56,CUST-6840,East
TXN-7257,13/07/2024,Toaster,Home & Kitchen,2,192.22,384.44,CUST-4672,South
TXN-3223,21/11/2024,Non-fiction,Books,1,427.56,427.56,CUST-4237,South
TXN-5704,24/01/2024,Camera,Electronics,8,107.49,859.92,CUST-5920,North
TXN-5212,16/02/2024,T-shirt,Clothing,8,157.3,1258.4,CUST-4001,West
TXN-1151,13/10/2024,Blender,Home & Kitchen,2,442.82,885.64,CUST-1912,North
TXN-2552,14/09/2024,Dress,Clothing,4,458.66,1834.64,CUST-4504,South
TXN-8543,15/08/2024,Face Cream,Beauty & Personal Care,2,253.49,506.98,CUST-7250,East
TXN-3905,26/04/2024,Novel,Books,5,436.95,2184.75,CUST-1153,North
TXN-1786,12/01/2024,Biography,Books,5,99.22,496.1,CUST-9096,North
TXN-9857,08/03/2024,Non-fiction,Books,3,219.68,659.04,CUST-6427,North
TXN-8011,22/08/2024,Biography,Books,7,172.91,1210.37,CUST-7704,North
TXN-7031,16/04/2024,Smartphone,Electronics,8,375.74,3005.92,CUST-3713,South
TXN-1300,03/04/2024,Jacket,Clothing,1,375.56,375.56,CUST-6555,South
TXN-6680,26/12/2024,Biography,Books,2,216.42,432.84,CUST-9747,North
TXN-8067,08/04/2024,Smartphone,Electronics,8,341.93,2735.44,CUST-2601,North
TXN-7447,02/12/2024,Jacket,Clothing,7,196.91,1378.37,CUST-2299,North
TXN-8489,14/04/2024,Microwave,Home & Kitchen,7,366.97,2568.79,CUST-3831,South
TXN-1277,12/02/2024,Cookware Set,Home & Kitchen,6,251.14,1506.84,CUST-5275,South
TXN-6190,06/03/2024,Toaster,Home & Kitchen,5,199.85,999.25,CUST-3131,South
TXN-9634,11/05/2024,Microwave,Home & Kitchen,5,389.52,1947.6,CUST-1142,North
TXN-2032,06/03/2024,Blender,Home & Kitchen,7,395.57,2768.99,CUST-5500,South
TXN-1471,23/03/2024,Body Lotion,Beauty & Personal Care,6,429.68,2578.08,CUST-8670,North
TXN-4240,26/10/2024,Jeans,Clothing,7,133.16,932.12,CUST-2936,West
TXN-5611,13/10/2024,Smartphone,Electronics,3,243.73,731.19,CUST-6204,East
TXN-4083,10/01/2024,Smartphone,Electronics,5,66.43,332.15,CUST-1865,West
TXN-7984,08/02/2024,Body Lotion,Beauty & Personal Care,9,303.22,2728.98,CUST-2674,East
TXN-6127,10/04/2024,Non-fiction,Books,5,403.56,2017.8,CUST-5555,North
TXN-4732,18/12/2024,Face Cream,Beauty & Personal Care,6,376.23,2257.38,CUST-9669,South
TXN-6413,12/06/2024,Science Fiction,Books,7,147.5,1032.5,CUST-3603,West
TXN-9433,24/06/2024,Jeans,Clothing,6,278.64,1671.84,CUST-6682,East
TXN-4924,07/09/2024,Dress,Clothing,5,261.42,1307.1,CUST-3007,West
TXN-1755,16/12/2024,Smartphone,Electronics,8,376.33,3010.64,CUST-3330,East
TXN-9216,23/11/2024,T-shirt,Clothing,4,192.11,768.44,CUST-1737,South
TXN-3623,08/07/2024,Camera,Electronics,7,63.4,443.8,CUST-7401,West
TXN-4874,18/03/2024,T-shirt,Clothing,5,24.76,123.8,CUST-8164,East
TXN-2565,21/12/2024,Jeans,Clothing,8,310.52,2484.16,CUST-9534,South
TXN-4235,15/01/2024,Science Fiction,Books,2,485.19,970.38,CUST-5620,North
TXN-5957,26/03/2024,Smartphone,Electronics,3,344.16,1032.48,CUST-4381,West
TXN-2927,25/02/2024,Camera,Electronics,2,32.83,65.66,CUST-1004,West
TXN-7233,27/08/2024,Jeans,Clothing,3,174.92,524.76,CUST-4326,South
TXN-6092,26/07/2024,Science Fiction,Books,2,191.61,383.22,CUST-4159,South
TXN-9520,13/05/2024,Science Fiction,Books,8,374.36,2994.88,CUST-6636,West
TXN-1654,24/10/2024,Cookware Set,Home & Kitchen,9,69.99,629.91,CUST-7782,South
TXN-7154,26/12/2024,Science Fiction,Books,4,379.44,1517.76,CUST-5516,West
TXN-3508,27/07/2024,Face Cream,Beauty & Personal Care,1,492.4,492.4,CUST-8311,North
TXN-7964,25/10/2024,Face Cream,Beauty & Personal Care,8,284.88,2279.04,CUST-9075,East
TXN-4908,20/06/2024,Dress,Clothing,1,47.92,47.92,CUST-5379,North
TXN-3665,14/10/2024,Toaster,Home & Kitchen,2,376.95,753.9,CUST-8242,North
TXN-2223,19/05/2024,Dress,Clothing,5,169.43,847.15,CUST-7520,South
TXN-6515,04/06/2024,Body Lotion,Beauty & Personal Care,6,144.97,869.82,CUST-4985,North
TXN-1572,18/05/2024,Science Fiction,Books,2,401.91,803.82,CUST-8082,North
TXN-5200,09/04/2024,Microwave,Home & Kitchen,9,166.48,1498.32,CUST-8422,South
TXN-3793,07/01/2024,Body Lotion,Beauty & Personal Care,4,153.47,613.88,CUST-3911,South
TXN-6289,07/06/2024,Dress,Clothing,8,293.74,2349.92,CUST-8257,North
TXN-9624,09/11/2024,Smartphone,Electronics,7,212.57,1487.99,CUST-1835,South
TXN-6287,11/03/2024,Dress,Clothing,8,332.36,2658.88,CUST-5022,North
TXN-8054,04/11/2024,Smartphone,Electronics,9,399.91,3599.19,CUST-5573,West
TXN-7997,25/02/2024,Non-fiction,Books,3,350.1,1050.3,CUST-9945,South
TXN-7851,26/12/2024,Non-fiction,Books,7,20.06,140.42,CUST-4317,North
TXN-1164,15/05/2024,Body Lotion,Beauty & Personal Care,7,486.06,3402.42,CUST-4057,West
TXN-1867,20/04/2024,Body Lotion,Beauty & Personal Care,2,91.96,183.92,CUST-9210,North
TXN-1579,02/11/2024,Body Lotion,Beauty & Personal Care,9,87.26,785.34,CUST-7468,West
TXN-1452,10/10/2024,Jeans,Clothing,9,93.69,843.21,CUST-2381,West
TXN-7747,07/01/2024,Cookware Set,Home & Kitchen,3,263.17,789.51,CUST-4149,West
TXN-4129,20/09/2024,Shampoo,Beauty & Personal Care,1,15.81,15.81,CUST-4516,South
TXN-6111,11/01/2024,Microwave,Home & Kitchen,4,283.16,1132.64,CUST-5016,East
TXN-5025,21/11/2024,Non-fiction,Books,6,454.89,2729.34,CUST-9283,South
TXN-2812,15/02/2024,Biography,Books,6,445.77,2674.62,CUST-6724,West
TXN-4497,03/05/2024,Blender,Home & Kitchen,1,295.88,295.88,CUST-1551,West
TXN-7099,12/04/2024,Microwave,Home & Kitchen,6,36.63,219.78,CUST-5052,North
TXN-1848,19/02/2024,Blender,Home & Kitchen,1,455.25,455.25,CUST-7354,North
TXN-5378,04/02/2024,Jacket,Clothing,4,395.16,1580.64,CUST-6585,South
TXN-8715,13/08/2024,Body Lotion,Beauty & Personal Care,7,269,1883,CUST-4459,South
TXN-2992,19/04/2024,Smartphone,Electronics,4,303.61,1214.44,CUST-2687,North
TXN-9720,11/08/2024,Conditioner,Beauty & Personal Care,9,335.66,3020.94,CUST-6398,South
TXN-1919,03/12/2024,Headphones,Electronics,9,391.98,3527.82,CUST-2749,North
TXN-7784,15/10/2024,Blender,Home & Kitchen,4,122.95,491.8,CUST-7522,East
TXN-8194,18/12/2024,Toaster,Home & Kitchen,7,257.99,1805.93,CUST-1678,West
TXN-2789,07/02/2024,Smartphone,Electronics,8,293.64,2349.12,CUST-6027,North
TXN-8367,03/03/2024,Jeans,Clothing,9,434.19,3907.71,CUST-5689,West
TXN-4483,02/12/2024,Face Cream,Beauty & Personal Care,4,419.54,1678.16,CUST-7378,South
TXN-1087,01/09/2024,Biography,Books,7,29.4,205.8,CUST-6816,North
TXN-7523,07/12/2024,Novel,Books,2,8.36,16.72,CUST-7606,South
TXN-2502,28/03/2024,Novel,Books,4,205.53,822.12,CUST-3042,South
TXN-4250,12/02/2024,Jeans,Clothing,6,493.31,2959.86,CUST-2101,South
TXN-9021,19/10/2024,Jeans,Clothing,3,469.22,1407.66,CUST-1508,North
TXN-6495,04/02/2024,Non-fiction,Books,1,312.02,312.02,CUST-4209,North
TXN-4557,24/04/2024,Smartphone,Electronics,3,208.52,625.56,CUST-1954,West
TXN-1687,03/06/2024,Cookware Set,Home & Kitchen,9,155.13,1396.17,CUST-4127,East
TXN-2164,06/11/2024,Non-fiction,Books,4,374.57,1498.28,CUST-6904,North
TXN-3817,13/09/2024,Novel,Books,3,319.64,958.92,CUST-9257,West
TXN-3486,03/03/2024,Science Fiction,Books,6,155.53,933.18,CUST-3443,West
TXN-9684,13/12/2024,Body Lotion,Beauty & Personal Care,7,31.02,217.14,CUST-6065,West
TXN-1172,03/03/2024,Camera,Electronics,6,286.29,1717.74,CUST-4959,North
TXN-4945,02/04/2024,Body Lotion,Beauty & Personal Care,7,91.21,638.47,CUST-8746,South
TXN-7559,25/04/2024,Microwave,Home & Kitchen,2,465.18,930.36,CUST-3785,North
TXN-6676,06/11/2024,T-shirt,Clothing,7,152.49,1067.43,CUST-9060,West
TXN-2875,15/09/2024,Toaster,Home & Kitchen,6,404.94,2429.64,CUST-4932,South
TXN-8406,07/05/2024,Face Cream,Beauty & Personal Care,1,231.89,231.89,CUST-3833,North
TXN-5777,16/11/2024,Conditioner,Beauty & Personal Care,3,149.86,449.58,CUST-9273,North
TXN-2932,16/09/2024,Smartphone,Electronics,6,77.03,462.18,CUST-6956,West
TXN-4933,13/10/2024,Science Fiction,Books,4,314.9,1259.6,CUST-1922,North
TXN-3500,28/07/2024,Jacket,Clothing,5,71.1,355.5,CUST-7881,West
TXN-9540,26/06/2024,Face Cream,Beauty & Personal Care,3,369.28,1107.84,CUST-3226,East
TXN-3419,01/11/2024,Science Fiction,Books,8,143.17,1145.36,CUST-2893,South
TXN-7878,14/06/2024,Jacket,Clothing,1,419.01,419.01,CUST-5161,East
TXN-9638,03/03/2024,Microwave,Home & Kitchen,2,440.27,880.54,CUST-4483,West
TXN-2074,18/02/2024,Headphones,Electronics,6,296.24,1777.44,CUST-4007,North
TXN-1229,18/10/2024,T-shirt,Clothing,2,234.49,468.98,CUST-1501,North
TXN-1386,05/10/2024,Body Lotion,Beauty & Personal Care,6,457.37,2744.22,CUST-6820,North
TXN-5366,16/11/2024,Conditioner,Beauty & Personal Care,6,156.93,941.58,CUST-4727,North
TXN-1148,22/02/2024,Face Cream,Beauty & Personal Care,8,491.62,3932.96,CUST-4749,East
TXN-5551,01/08/2024,Jeans,Clothing,6,420.23,2521.38,CUST-9677,South
TXN-3311,14/10/2024,Body Lotion,Beauty & Personal Care,6,411.15,2466.9,CUST-1604,West
TXN-8532,05/06/2024,Smartphone,Electronics,6,97.36,584.16,CUST-1838,East
TXN-5773,01/05/2024,Laptop,Electronics,6,29.26,175.56,CUST-6192,West
TXN-2564,17/03/2024,Headphones,Electronics,8,483.45,3867.6,CUST-7058,East
TXN-7697,10/07/2024,Non-fiction,Books,7,345.04,2415.28,CUST-1282,West
TXN-3970,23/01/2024,Jeans,Clothing,9,380.82,3427.38,CUST-7985,South
TXN-9828,06/10/2024,T-shirt,Clothing,6,167.64,1005.84,CUST-1564,West
TXN-3251,05/06/2024,Jeans,Clothing,2,418.06,836.12,CUST-5631,South
TXN-4549,15/09/2024,Novel,Books,1,218.83,218.83,CUST-8938,North
TXN-6577,24/03/2024,Toaster,Home & Kitchen,1,12.25,12.25,CUST-7683,West
TXN-2294,02/09/2024,Non-fiction,Books,1,130.42,130.42,CUST-9014,West
TXN-3441,18/11/2024,Dress,Clothing,5,205.71,1028.55,CUST-9488,East
TXN-4787,17/07/2024,Jacket,Clothing,7,129.9,909.3,CUST-3208,South
TXN-2667,18/04/2024,Body Lotion,Beauty & Personal Care,2,453.96,907.92,CUST-9867,West
TXN-8965,04/06/2024,Novel,Books,8,40.16,321.28,CUST-3040,North
TXN-5402,24/06/2024,Smartphone,Electronics,3,398.81,1196.43,CUST-1618,West
TXN-8633,16/02/2024,Shampoo,Beauty & Personal Care,5,274.77,1373.85,CUST-8848,West
TXN-8979,15/07/2024,Jeans,Clothing,5,113.06,565.3,CUST-2308,South
TXN-7093,05/01/2024,T-shirt,Clothing,3,417.03,1251.09,CUST-7657,North
TXN-7073,20/03/2024,Biography,Books,1,492.87,492.87,CUST-2537,West
TXN-6507,07/12/2024,Microwave,Home & Kitchen,5,409.47,2047.35,CUST-9461,North
TXN-4145,17/11/2024,Novel,Books,1,53.68,53.68,CUST-9553,East
TXN-8281,15/09/2024,Laptop,Electronics,4,38.31,153.24,CUST-7533,North
TXN-6560,12/01/2024,Jacket,Clothing,4,315.24,1260.96,CUST-1719,North
TXN-9511,13/06/2024,Microwave,Home & Kitchen,3,434.93,1304.79,CUST-7713,South
TXN-4936,20/12/2024,Smartphone,Electronics,4,209.78,839.12,CUST-4876,North
TXN-5652,10/09/2024,Non-fiction,Books,5,72.19,360.95,CUST-8456,South
TXN-7041,03/02/2024,Toaster,Home & Kitchen,3,105.86,317.58,CUST-5675,South
TXN-1470,02/09/2024,Laptop,Electronics,7,493.16,3452.12,CUST-2468,East
TXN-9012,26/05/2024,Camera,Electronics,2,125.64,251.28,CUST-2129,West
TXN-8329,07/05/2024,Non-fiction,Books,8,91.11,728.88,CUST-2790,South
TXN-6317,28/11/2024,Microwave,Home & Kitchen,9,408.95,3680.55,CUST-7841,North
TXN-8129,21/02/2024,Camera,Electronics,1,358.9,358.9,CUST-3147,South
TXN-3013,11/02/2024,Non-fiction,Books,6,142.19,853.14,CUST-5350,South
TXN-3926,19/09/2024,Conditioner,Beauty & Personal Care,8,441.58,3532.64,CUST-5376,West
TXN-9159,27/10/2024,Microwave,Home & Kitchen,8,346.45,2771.6,CUST-1701,North
TXN-8968,05/03/2024,Toaster,Home & Kitchen,7,374.48,2621.36,CUST-8776,West
TXN-7875,05/05/2024,Dress,Clothing,8,122.18,977.44,CUST-8856,West
TXN-6984,18/11/2024,Jeans,Clothing,1,272.91,272.91,CUST-9989,North
TXN-1752,02/06/2024,T-shirt,Clothing,7,256.16,1793.12,CUST-2392,West
TXN-6544,28/08/2024,Jeans,Clothing,8,299.1,2392.8,CUST-7985,South
TXN-5869,07/10/2024,Smartphone,Electronics,6,416.7,2500.2,CUST-4981,East
TXN-1600,09/05/2024,Cookware Set,Home & Kitchen,7,78.97,552.79,CUST-2524,East
TXN-9417,26/03/2024,Microwave,Home & Kitchen,4,206.13,824.52,CUST-6153,North
TXN-9895,19/01/2024,Microwave,Home & Kitchen,8,428.31,3426.48,CUST-3370,South
TXN-7794,04/09/2024,T-shirt,Clothing,4,481.3,1925.2,CUST-1964,East
TXN-6249,13/05/2024,Camera,Electronics,2,54.73,109.46,CUST-4170,East
TXN-3024,16/11/2024,Science Fiction,Books,3,319.46,958.38,CUST-6791,East
TXN-2906,26/08/2024,Cookware Set,Home & Kitchen,7,499,3493,CUST-5601,South
TXN-2416,23/06/2024,Laptop,Electronics,5,313.16,1565.8,CUST-2428,West
TXN-1555,28/04/2024,Microwave,Home & Kitchen,6,262.51,1575.06,CUST-2040,South
TXN-5326,02/12/2024,Toaster,Home & Kitchen,4,111.73,446.92,CUST-3349,West
TXN-6057,01/08/2024,Shampoo,Beauty & Personal Care,5,29.68,148.4,CUST-7566,North
TXN-5071,27/09/2024,Face Cream,Beauty & Personal Care,7,132.6,928.2,CUST-3786,East
TXN-3739,20/05/2024,T-shirt,Clothing,5,174.13,870.65,CUST-8422,East
TXN-3975,06/10/2024,Face Cream,Beauty & Personal Care,2,67.16,134.32,CUST-9184,South
TXN-8727,25/09/2024,Blender,Home & Kitchen,3,430.67,1292.01,CUST-3418,North
TXN-5792,03/06/2024,Toaster,Home & Kitchen,5,294.54,1472.7,CUST-3868,West
TXN-7343,18/08/2024,Novel,Books,8,368.84,2950.72,CUST-1211,East
TXN-9044,07/10/2024,Biography,Books,4,211.9,847.6,CUST-6720,West
TXN-8135,15/02/2024,Non-fiction,Books,2,12.88,25.76,CUST-9995,North
TXN-4401,18/08/2024,Laptop,Electronics,6,163.43,980.58,CUST-6424,East
TXN-9719,26/03/2024,Dress,Clothing,5,67.92,339.6,CUST-6660,East
TXN-8956,23/01/2024,Body Lotion,Beauty & Personal Care,1,44.07,44.07,CUST-3233,South
TXN-6559,23/02/2024,Conditioner,Beauty & Personal Care,3,399.45,1198.35,CUST-7944,West
TXN-8799,02/05/2024,T-shirt,Clothing,6,288.52,1731.12,CUST-1595,North
TXN-1858,17/10/2024,Smartphone,Electronics,8,474.89,3799.12,CUST-2030,West
TXN-3850,21/01/2024,Cookware Set,Home & Kitchen,8,45.6,364.8,CUST-9106,South
TXN-6402,25/04/2024,Novel,Books,9,251.27,2261.43,CUST-2672,West
TXN-7085,01/07/2024,Novel,Books,6,212.37,1274.22,CUST-8734,North
TXN-9428,25/10/2024,Smartphone,Electronics,2,293.8,587.6,CUST-4253,North
TXN-4513,13/08/2024,Dress,Clothing,1,262.01,262.01,CUST-6822,East
TXN-7033,26/05/2024,Microwave,Home & Kitchen,4,274.69,1098.76,CUST-9328,North
TXN-6993,19/06/2024,Non-fiction,Books,8,136.2,1089.6,CUST-6021,East
TXN-6085,19/07/2024,Body Lotion,Beauty & Personal Care,1,394.43,394.43,CUST-1395,West
TXN-4435,20/02/2024,Blender,Home & Kitchen,2,101.52,203.04,CUST-9405,North
TXN-9314,11/08/2024,Jacket,Clothing,3,235.86,707.58,CUST-4345,South
TXN-8095,11/12/2024,Jeans,Clothing,3,496.82,1490.46,CUST-1294,South
TXN-4771,12/04/2024,Smartphone,Electronics,3,334.5,1003.5,CUST-8647,North
TXN-9712,19/09/2024,T-shirt,Clothing,5,131.06,655.3,CUST-6538,East
TXN-9434,17/01/2024,Conditioner,Beauty & Personal Care,2,31.15,62.3,CUST-8262,North
TXN-4083,02/02/2024,Jeans,Clothing,3,441.79,1325.37,CUST-2422,South
TXN-5749,17/12/2024,Face Cream,Beauty & Personal Care,7,59.52,416.64,CUST-6463,North
TXN-2313,15/08/2024,Cookware Set,Home & Kitchen,5,54.97,274.85,CUST-4285,South
TXN-7854,21/07/2024,Camera,Electronics,9,477.76,4299.84,CUST-8637,South
TXN-4803,08/08/2024,Dress,Clothing,2,161.2,322.4,CUST-9809,East
TXN-7404,17/01/2024,Face Cream,Beauty & Personal Care,4,178.6,714.4,CUST-5381,North
TXN-3983,07/12/2024,T-shirt,Clothing,2,184,368,CUST-3523,North
TXN-2387,07/09/2024,Conditioner,Beauty & Personal Care,4,39.85,159.4,CUST-2220,South
TXN-7523,08/11/2024,Microwave,Home & Kitchen,4,83.78,335.12,CUST-1834,West
TXN-3105,16/09/2024,Conditioner,Beauty & Personal Care,2,274.34,548.68,CUST-1209,East
TXN-4110,15/07/2024,Laptop,Electronics,9,361.46,3253.14,CUST-6193,West
TXN-6024,19/10/2024,Science Fiction,Books,5,338.19,1690.95,CUST-6917,East
TXN-4845,27/11/2024,Blender,Home & Kitchen,2,422.06,844.12,CUST-1378,North
TXN-1737,23/12/2024,Jacket,Clothing,2,229.11,458.22,CUST-1711,North
TXN-2259,13/08/2024,Face Cream,Beauty & Personal Care,1,422.62,422.62,CUST-4551,South
TXN-2823,17/05/2024,Microwave,Home & Kitchen,4,107.72,430.88,CUST-8777,North
TXN-8630,22/05/2024,Headphones,Electronics,3,482.39,1447.17,CUST-2777,West
TXN-2325,11/06/2024,Camera,Electronics,7,352.57,2467.99,CUST-6127,East
TXN-2242,08/12/2024,Blender,Home & Kitchen,6,284.97,1709.82,CUST-2569,East
TXN-3355,16/06/2024,Novel,Books,1,264.51,264.51,CUST-2824,East
TXN-6316,06/10/2024,Novel,Books,5,160.71,803.55,CUST-5210,North
TXN-1968,09/01/2024,Laptop,Electronics,4,182.91,731.64,CUST-3242,North
TXN-2469,04/06/2024,Toaster,Home & Kitchen,9,122.56,1103.04,CUST-4622,West
TXN-7528,22/08/2024,Conditioner,Beauty & Personal Care,7,67.22,470.54,CUST-8420,South
TXN-4306,04/07/2024,Science Fiction,Books,4,327.23,1308.92,CUST-4718,West
TXN-1191,07/11/2024,Face Cream,Beauty & Personal Care,1,137.78,137.78,CUST-9587,East
TXN-6494,25/04/2024,Microwave,Home & Kitchen,8,477.74,3821.92,CUST-3711,East
TXN-4994,15/08/2024,Biography,Books,2,293.16,586.32,CUST-2568,North
TXN-8903,25/11/2024,Non-fiction,Books,5,172.49,862.45,CUST-2356,South
TXN-5458,05/06/2024,Body Lotion,Beauty & Personal Care,5,484.09,2420.45,CUST-1667,North
TXN-7982,03/06/2024,Microwave,Home & Kitchen,3,446.57,1339.71,CUST-4620,North
TXN-3650,14/01/2024,Jeans,Clothing,8,209.76,1678.08,CUST-3384,South
TXN-6481,27/01/2024,Dress,Clothing,8,223.1,1784.8,CUST-9445,West
TXN-3423,08/08/2024,Face Cream,Beauty & Personal Care,1,331.87,331.87,CUST-5261,South
TXN-4883,12/12/2024,Shampoo,Beauty & Personal Care,4,28.65,114.6,CUST-5598,North
TXN-5491,07/09/2024,Laptop,Electronics,7,215.27,1506.89,CUST-9593,East
TXN-9183,25/06/2024,Jacket,Clothing,4,33.83,135.32,CUST-2341,West
TXN-3803,11/06/2024,Face Cream,Beauty & Personal Care,8,393.28,3146.24,CUST-1393,South
TXN-1132,09/07/2024,Laptop,Electronics,6,283.26,1699.56,CUST-4385,West
TXN-3835,14/03/2024,Cookware Set,Home & Kitchen,6,138.09,828.54,CUST-5134,North
TXN-2963,18/02/2024,Conditioner,Beauty & Personal Care,6,244.69,1468.14,CUST-1966,South
TXN-9101,02/04/2024,Jeans,Clothing,7,453.79,3176.53,CUST-8280,North
TXN-5607,13/02/2024,Non-fiction,Books,1,474.36,474.36,CUST-4179,West
TXN-6791,11/10/2024,Toaster,Home & Kitchen,1,384.34,384.34,CUST-8013,East
TXN-5647,03/03/2024,Toaster,Home & Kitchen,2,378.12,756.24,CUST-7642,North
TXN-3739,07/11/2024,Toaster,Home & Kitchen,8,137.91,1103.28,CUST-5784,East
TXN-1292,24/04/2024,Laptop,Electronics,7,208.35,1458.45,CUST-9728,West
TXN-1889,11/08/2024,T-shirt,Clothing,7,44.63,312.41,CUST-4400,North
TXN-3488,19/07/2024,Science Fiction,Books,4,386.88,1547.52,CUST-7121,East
TXN-8869,07/02/2024,Face Cream,Beauty & Personal Care,1,423.53,423.53,CUST-4384,East
TXN-9897,13/07/2024,Microwave,Home & Kitchen,4,109.84,439.36,CUST-7948,South
TXN-9071,02/05/2024,Camera,Electronics,3,44.61,133.83,CUST-4581,North
TXN-5050,11/06/2024,Toaster,Home & Kitchen,7,463.02,3241.14,CUST-4740,West
TXN-2349,25/01/2024,Toaster,Home & Kitchen,3,313.59,940.77,CUST-5260,East
TXN-4808,19/01/2024,Conditioner,Beauty & Personal Care,7,489.74,3428.18,CUST-4845,West
TXN-9128,03/04/2024,Dress,Clothing,1,162.06,162.06,CUST-3513,South
TXN-1604,05/04/2024,Headphones,Electronics,1,31.2,31.2,CUST-8065,South
TXN-2877,04/05/2024,Conditioner,Beauty & Personal Care,9,204.67,1842.03,CUST-2699,North
TXN-1665,07/07/2024,Novel,Books,6,196.3,1177.8,CUST-7611,North
TXN-2069,20/08/2024,Camera,Electronics,4,320.23,1280.92,CUST-5508,South
TXN-8233,28/06/2024,Non-fiction,Books,3,441.45,1324.35,CUST-4273,West
TXN-9780,25/11/2024,Jeans,Clothing,1,238,238,CUST-9002,South
TXN-7605,28/12/2024,Blender,Home & Kitchen,3,139.8,419.4,CUST-3986,East
TXN-2875,25/11/2024,Laptop,Electronics,5,300.21,1501.05,CUST-6752,West
TXN-3934,27/07/2024,Jeans,Clothing,6,450.3,2701.8,CUST-2209,South
TXN-9625,09/06/2024,Laptop,Electronics,6,338.05,2028.3,CUST-4671,North
TXN-9444,22/06/2024,Headphones,Electronics,8,364.11,2912.88,CUST-4264,North
TXN-4241,07/02/2024,Non-fiction,Books,6,347.97,2087.82,CUST-6574,South
TXN-5409,24/08/2024,Cookware Set,Home & Kitchen,1,465.25,465.25,CUST-1712,West
TXN-2079,15/11/2024,Conditioner,Beauty & Personal Care,2,379.4,758.8,CUST-9795,North
TXN-7214,18/02/2024,Jacket,Clothing,9,430.2,3871.8,CUST-9791,South
TXN-3886,10/06/2024,Dress,Clothing,2,262.98,525.96,CUST-5864,West
TXN-3196,04/08/2024,Blender,Home & Kitchen,4,399,1596,CUST-1789,South
TXN-4363,11/05/2024,Novel,Books,1,324.95,324.95,CUST-9215,South
TXN-7581,02/10/2024,Science Fiction,Books,8,263.96,2111.68,CUST-1421,East
TXN-2564,17/05/2024,Headphones,Electronics,3,13.73,41.19,CUST-2308,North
TXN-4324,10/10/2024,Cookware Set,Home & Kitchen,3,182.64,547.92,CUST-4201,East
TXN-3138,22/09/2024,Camera,Electronics,7,6.94,48.58,CUST-1109,South
